Date,predicted_signal,actual_returns,strategy_returns,cumulative_Returns
2017-05-11,0.0,-0.002162833436821554,-0.0,0.0
2017-05-12,0.0,-0.0014784250179582514,-0.0,0.0
2017-05-15,0.0,0.004776444016897363,0.0,0.0
2017-05-16,0.0,-0.0006868360584768585,-0.0,0.0
2017-05-17,0.0,-0.01817825856948263,-0.0,0.0
2017-05-18,0.0,0.0036868431882495223,0.0,0.0
2017-05-19,0.0,0.00676749573068669,0.0,0.0
2017-05-22,0.0,0.005160114706536767,0.0,0.0
2017-05-23,0.0,0.0018379127993919386,0.0,0.0
2017-05-24,0.0,0.0024891386829661855,0.0,0.0
2017-05-25,0.0,0.004441875070184231,0.0,0.0
2017-05-26,0.0,0.0003105500047617671,0.0,0.0
2017-05-30,0.0,-0.0012045599423798903,-0.0,0.0
2017-05-31,0.0,-0.00046002544645251664,-0.0,0.0
2017-06-01,0.0,0.007571108715482167,0.0,0.0
2017-06-02,0.0,0.003707727381216941,0.0,0.0
2017-06-05,0.0,-0.0012176772294358873,-0.0,0.0
2017-06-06,0.0,-0.0027790320594393014,-0.0,0.0
2017-06-07,0.0,0.001568333655781684,0.0,0.0
2017-06-08,0.0,0.0002671445128517025,0.0,0.0
2017-06-09,0.0,-0.0008299812227020587,-0.0,0.0
2017-06-12,0.0,-0.000978710980068076,-0.0,0.0
2017-06-13,0.0,0.004511420562363311,0.0,0.0
2017-06-14,0.0,-0.0009957588050893973,-0.0,0.0
2017-06-15,0.0,-0.002239614097263254,-0.0,0.0
2017-06-16,0.0,0.00028366345181418673,0.0,0.0
2017-06-19,0.0,0.00834720424141544,0.0,0.0
2017-06-20,0.0,-0.006696665117833511,-0.0,0.0
2017-06-21,0.0,-0.0005826764545369123,-0.0,0.0
2017-06-22,0.0,-0.00045573798760889517,-0.0,0.0
2017-06-23,0.0,0.0015608954610804027,0.0,0.0
2017-06-26,0.0,0.00031579379075585834,0.0,0.0
2017-06-27,0.0,-0.008072749039592986,-0.0,0.0
2017-06-28,0.0,0.0088080417296994,0.0,0.0
2017-06-29,0.0,-0.008600027041533398,-0.0,0.0
2017-06-30,0.0,0.0015332479232963436,0.0,0.0
2017-07-03,0.0,0.0023107934687074394,0.0,0.0
2017-07-05,0.0,0.0014532669688471778,0.0,0.0
2017-07-06,0.0,-0.00936880791271677,-0.0,0.0
2017-07-07,0.0,0.006403153854134258,0.0,0.0
2017-07-10,0.0,0.0009277661864273146,0.0,0.0
2017-07-11,0.0,-0.0007827208199616686,-0.0,0.0
2017-07-12,0.0,0.007305619802682184,0.0,0.0
2017-07-13,0.0,0.00187455233807432,0.0,0.0
2017-07-14,0.0,0.0046735271648765675,0.0,0.0
2017-07-17,0.0,-5.286121491343554e-05,-0.0,0.0
2017-07-18,0.0,0.0005977699520971491,0.0,0.0
2017-07-19,0.0,0.0053726514969865136,0.0,0.0
2017-07-20,0.0,-0.00015360796821128897,-0.0,0.0
2017-07-21,0.0,-0.0003679071741898854,-0.0,0.0
2017-07-24,0.0,-0.0010636834995592093,-0.0,0.0
2017-07-25,0.0,0.002923183435833865,0.0,0.0
2017-07-26,0.0,0.0002825850883885206,0.0,0.0
2017-07-27,0.0,-0.0009726252406339064,-0.0,0.0
2017-07-28,0.0,-0.0013411865461215866,-0.0,0.0
2017-07-31,0.0,-0.0007281258848751415,-0.0,0.0
2017-08-01,0.0,0.002449095251588762,0.0,0.0
2017-08-02,0.0,0.0004926605689827834,0.0,0.0
2017-08-03,0.0,-0.0021835911800677232,-0.0,0.0
2017-08-04,0.0,0.0018890363083294837,0.0,0.0
2017-08-07,0.0,0.001647266869345021,0.0,0.0
2017-08-08,0.0,-0.002414436638168982,-0.0,0.0
2017-08-09,0.0,-0.0003636481179190021,-0.0,0.0
2017-08-10,0.0,-0.01447441815345063,-0.0,0.0
2017-08-11,0.0,0.0012755258980974293,0.0,0.0
2017-08-14,0.0,0.01004374682548792,0.0,0.0
2017-08-15,0.0,-0.0004988158193557357,-0.0,0.0
2017-08-16,0.0,0.0014201029777529683,0.0,0.0
2017-08-17,0.0,-0.015436913265616137,-0.0,0.0
2017-08-18,1.0,-0.0018353833934839914,-0.0018353833934839914,-0.0018353833934839914
2017-08-21,0.0,0.0011626229102676966,0.0011626229102676966,-0.0006748943419986331
2017-08-22,0.0,0.009940824503679613,0.009940824503679613,0.009259221155468733
2017-08-23,0.0,-0.003453604674394928,-0.003453604674394928,0.005773638791610081
2017-08-24,0.0,-0.002074434133647607,-0.002074434133647607,0.003687227624577849
2017-08-25,0.0,0.0016728373042720346,0.0016728373042720346,0.005366233060769554
2017-08-28,0.0,0.00048709604797259054,0.00048709604797259054,0.005855942979658524
2017-08-29,0.0,0.0008427977612674997,0.0008427977612674997,0.0067036761165593095
2017-08-30,0.0,0.004615133058087695,0.004615133058087695,0.01134974753190332
2017-08-31,0.0,0.005721051924853171,0.005721051924853171,0.017135731951720468
2017-09-01,0.0,0.0019824813383773066,0.0019824813383773066,0.019152184558911545
2017-09-05,0.0,-0.007550826754961659,-0.007550826754961659,0.011456742976366563
2017-09-06,0.0,0.003128750737433128,0.003128750737433128,0.014621339006835488
2017-09-07,0.0,-0.00017845989113951521,-0.00017845989113951521,0.014440269793128513
2017-09-08,0.0,-0.001488783416494277,-0.001488783416494277,0.012929987942436494
2017-09-11,0.0,0.01083922760346634,0.01083922760346634,0.02390936662812093
2017-09-12,0.0,0.003363999180100441,0.003363999180100441,0.02735379689795514
2017-09-13,0.0,0.0007570659488558285,0.0007570659488558285,0.028131571475014328
2017-09-14,0.0,-0.0011007176679195263,-0.0011007176679195263,0.026999888889345902
2017-09-15,0.0,0.0018472363580994688,0.0018472363580994688,0.028897000423866448
2017-09-18,0.0,0.0014558660603223306,0.0014558660603223306,0.030394936646350956
2017-09-19,0.0,0.0011102812845715793,0.0011102812845715793,0.03153896486022667
2017-09-20,0.0,0.0006343127281429606,0.0006343127281429606,0.03219328315521297
2017-09-21,0.0,-0.003045960514145296,-0.003045960514145296,0.029049263171756268
2017-09-22,0.0,0.0006478445173156988,0.0006478445173156988,0.029715927094949857
2017-09-25,0.0,-0.002222026840165925,-0.002222026840165925,0.02742787066719843
2017-09-26,0.0,7.209632068461147e-05,7.209632068461147e-05,0.027501944436442383
2017-09-27,0.0,0.004085163646849521,0.004085163646849521,0.03169945802692142
2017-09-28,0.0,0.0012046078243665992,0.0012046078243665992,0.03294225126645545
2017-09-29,0.0,0.0037050907149631662,0.0037050907149631662,0.03676939601071605
2017-10-02,0.0,0.0038739997459671383,0.0038739997459671383,0.040785840387488115
2017-10-03,0.0,0.002158853672423522,0.002158853672423522,0.0430327447212151
2017-10-04,0.0,0.0012467548864110167,0.0012467548864110167,0.04433315089238299
2017-10-05,-1.0,0.005646756562926125,0.0,0.04433315089238299
2017-10-06,0.0,-0.0010736382622734686,-0.0,0.04433315089238299
2017-10-09,0.0,-0.001804395664743219,-0.0,0.04433315089238299
2017-10-10,0.0,0.002322446782173193,0.0,0.04433315089238299
2017-10-11,0.0,0.001803468933287311,0.0,0.04433315089238299
2017-10-12,0.0,-0.0016867300136190755,-0.0,0.04433315089238299
2017-10-13,0.0,0.0008781111202582625,0.0,0.04433315089238299
2017-10-16,0.0,0.0017507647356032052,0.0,0.04433315089238299
2017-10-17,0.0,0.0006724949562879612,0.0,0.04433315089238299
2017-10-18,0.0,0.0007423730932734074,0.0,0.04433315089238299
2017-10-19,0.0,0.0003279635804251946,0.0,0.04433315089238299
2017-10-20,0.0,0.005116896296007312,0.0,0.04433315089238299
2017-10-23,0.0,-0.0039724915637947555,-0.0,0.04433315089238299
2017-10-24,0.0,0.0016179463387628878,0.0,0.04433315089238299
2017-10-25,0.0,-0.004663057143858063,-0.0,0.04433315089238299
2017-10-26,0.0,0.0012709461705413538,0.0,0.04433315089238299
2017-10-27,0.0,0.008072957350414134,0.0,0.04433315089238299
2017-10-30,0.0,-0.0031924744388955872,-0.0,0.04433315089238299
2017-10-31,0.0,0.0009444852555358096,0.0,0.04433315089238299
2017-11-01,0.0,0.001592072256781707,0.0,0.04433315089238299
2017-11-02,0.0,0.00018996960486306058,0.0,0.04433315089238299
2017-11-03,0.0,0.0030970792875555375,0.0,0.04433315089238299
2017-11-06,0.0,0.0012713305304810074,0.0,0.04433315089238299
2017-11-07,0.0,-0.00018910668318461443,-0.0,0.04433315089238299
2017-11-08,0.0,0.0014436587098169973,0.0,0.04433315089238299
2017-11-09,0.0,-0.003761977813581785,-0.0,0.04433315089238299
2017-11-10,0.0,-0.0008976174447306029,-0.0,0.04433315089238299
2017-11-13,0.0,0.0009836192541532451,0.0,0.04433315089238299
2017-11-14,0.0,-0.002309620711533511,-0.0,0.04433315089238299
2017-11-15,0.0,-0.005525675974360822,-0.0,0.04433315089238299
2017-11-16,0.0,0.008196146017733552,0.0,0.04433315089238299
2017-11-17,0.0,-0.0026260422951377427,-0.0,0.04433315089238299
2017-11-20,0.0,0.001275762452255913,0.0,0.04433315089238299
2017-11-21,0.0,0.006541086075890767,0.0,0.04433315089238299
2017-11-22,0.0,-0.0007502799121211767,-0.0,0.04433315089238299
2017-11-24,0.0,0.002056155374497548,0.0,0.04433315089238299
2017-11-27,0.0,-0.0003842577293442506,-0.0,0.04433315089238299
2017-11-28,0.0,0.00984846737551015,0.0,0.04433315089238299
2017-11-29,0.0,-0.00036923685973555553,-0.0,0.04433315089238299
2017-11-30,0.0,0.008190946928299692,0.0,0.04433315089238299
2017-12-01,0.0,-0.00202449028924534,-0.0,0.04433315089238299
2017-12-04,0.0,-0.0010521455442770167,-0.0,0.04433315089238299
2017-12-05,0.0,-0.003739429575970621,-0.0,0.04433315089238299
2017-12-06,0.0,-0.00011408709408766704,-0.0,0.04433315089238299
2017-12-07,0.0,0.0029323728639507607,0.0,0.04433315089238299
2017-12-08,0.0,0.005506298872194781,0.0,0.04433315089238299
2017-12-11,0.0,0.0032019611540636816,0.0,0.04433315089238299
2017-12-12,0.0,0.0015488780033008354,0.0,0.04433315089238299
2017-12-13,0.0,-0.0004729534441145766,-0.0,0.04433315089238299
2017-12-14,0.0,-0.004070826370242253,-0.0,0.04433315089238299
2017-12-15,0.0,0.008974325134520456,0.0,0.04433315089238299
2017-12-18,0.0,0.005362862086620401,0.0,0.04433315089238299
2017-12-19,0.0,-0.003230291135099761,-0.0,0.04433315089238299
2017-12-20,0.0,-0.0008279040973793172,-0.0,0.04433315089238299
2017-12-21,0.0,0.0019856303069889503,0.0,0.04433315089238299
2017-12-22,0.0,-0.0004581739347455649,-0.0,0.04433315089238299
2017-12-26,0.0,-0.0010583824636460903,-0.0,0.04433315089238299
2017-12-27,0.0,0.00079089722066783,0.0,0.04433315089238299
2017-12-28,0.0,0.0018340279279212002,0.0,0.04433315089238299
2017-12-29,0.0,-0.005183178668968558,-0.0,0.04433315089238299
2018-01-02,0.0,0.008303380074131894,0.0,0.04433315089238299
2018-01-03,0.0,0.006398818907860759,0.0,0.04433315089238299
2018-01-04,0.0,0.004028661363921104,0.0,0.04433315089238299
2018-01-05,0.0,0.007033799683552555,0.0,0.04433315089238299
2018-01-08,0.0,0.0016623225124401397,0.0,0.04433315089238299
2018-01-09,0.0,0.0013029031448006378,0.0,0.04433315089238299
2018-01-10,0.0,-0.0011122055472160275,-0.0,0.04433315089238299
2018-01-11,0.0,0.007033618001404562,0.0,0.04433315089238299
2018-01-12,0.0,0.006749627831013516,0.0,0.04433315089238299
2018-01-16,0.0,-0.0035244630756861017,-0.0,0.04433315089238299
2018-01-17,0.0,0.009415002053003496,0.0,0.04433315089238299
2018-01-18,0.0,-0.001616379310344751,-0.0,0.04433315089238299
2018-01-19,0.0,0.004385228178396927,0.0,0.04433315089238299
2018-01-22,0.0,0.008066754439027823,0.0,0.04433315089238299
2018-01-23,0.0,0.002174396481431362,0.0,0.04433315089238299
2018-01-24,0.0,-0.0005600307136341964,-0.0,0.04433315089238299
2018-01-25,0.0,0.0006026346765155566,0.0,0.04433315089238299
2018-01-26,0.0,0.011841155234656897,0.0,0.04433315089238299
2018-01-29,0.0,-0.006731944014173874,-0.0,0.04433315089238299
2018-01-30,0.0,-0.010898781509218525,-0.0,0.04433315089238299
2018-01-31,0.0,0.0004889403811609849,0.0,0.04433315089238299
2018-02-01,0.0,-0.0006480605989779287,-0.0,0.04433315089238299
2018-02-02,0.0,-0.021208513171602883,-0.0,0.04433315089238299
2018-02-05,0.0,-0.040979244278871785,-0.0,0.04433315089238299
2018-02-06,0.0,0.017440938639606607,0.0,0.04433315089238299
2018-02-07,0.0,-0.0050015954644285765,-0.0,0.04433315089238299
2018-02-08,1.0,-0.037536451302551344,-0.037536451302551344,0.0051325904302710335
2018-02-09,0.0,0.014936071290197583,0.014936071290197583,0.020145322457038484
2018-02-12,0.0,0.013914603653299107,0.013914603653299107,0.034340240287795254
2018-02-13,0.0,0.0026129518072288693,0.0026129518072288693,0.03704292148794486
2018-02-14,0.0,0.013402479965752168,0.013402479965752168,0.050941868466812146
2018-02-15,0.0,0.0120690869070601,0.0120690869070601,0.06362577721160623
2018-02-16,0.0,0.0003734622144111466,0.0003734622144111466,0.06402300124966853
2018-02-20,0.0,-0.005841403693699454,-0.005841403693699454,0.05780761335998763
2018-02-21,0.0,-0.00549652831466807,-0.00549652831466807,0.05199334386168308
2018-02-22,0.0,0.0009735944886408721,0.0009735944886408721,0.05301755878335368
2018-02-23,0.0,0.016028343614550522,0.016028343614550522,0.06989568604768848
2018-02-26,0.0,0.011756997779638123,0.011756997779638123,0.08247444725299546
2018-02-27,0.0,-0.012706864297021059,-0.012706864297021059,0.06871959134675887
2018-02-28,0.0,-0.011095806550352139,-0.011095806550352139,0.05686128550460379
2018-03-01,0.0,-0.013324342350110263,-0.013324342350110263,0.042779303919962874
2018-03-02,0.0,0.005071573420174946,0.005071573420174946,0.04806783572083195
2018-03-05,0.0,0.011032048304691067,0.011032048304691067,0.05963017071109711
2018-03-06,0.0,0.0026387939462098053,0.0026387939462098053,0.06242631639079077
2018-03-07,0.0,-0.00048384968403136774,-0.00048384968403136774,0.06191226175329856
2018-03-08,0.0,0.00446310693853591,0.00446310693853591,0.0666516897368461
2018-03-09,0.0,0.017378795678667736,0.017378795678667736,0.08518881151308855
2018-03-12,0.0,-0.001273967637633433,-0.001273967637633433,0.08380631608649902
2018-03-13,0.0,-0.00636359063175973,-0.00636359063175973,0.07690941636680892
2018-03-14,0.0,-0.005724493818052956,-0.005724493818052956,0.07074465507021421
2018-03-15,0.0,-0.0007819660444884358,-0.0007819660444884358,0.06990736910763173
2018-03-16,0.0,0.0017034720983646334,0.0017034720983646334,0.07172992645874121
2018-03-19,0.0,-0.014204163502312905,-0.014204163502312905,0.05650689935299957
2018-03-20,0.0,0.001481798210046792,0.001481798210046792,0.058072429385362945
2018-03-21,0.0,-0.001843986249236318,-0.001843986249236318,0.056121358374880304
2018-03-22,0.0,-0.02516289137256489,-0.02516289137256489,0.029546291357847476
2018-03-23,0.0,-0.020966906104724736,-0.020966906104724736,0.007959890936479974
2018-03-26,0.0,0.0271572407717926,0.0271572407717926,0.03533330038295168
2018-03-27,0.0,-0.017276334844182117,-0.017276334844182117,0.017446535610203595
2018-03-28,0.0,-0.0029166124426820428,-0.0029166124426820428,0.014479038384679122
2018-03-29,0.0,0.01376967370441462,0.01376967370441462,0.028448083723204398
2018-04-02,0.0,-0.02233733580221664,-0.02233733580221664,0.005475293521932878
2018-04-03,0.0,0.01261483879963432,0.01261483879963432,0.01815920226672696
2018-04-04,0.0,0.011566486259060316,0.011566486259060316,0.029935726689280795
2018-04-05,0.0,0.00686280811739759,0.00686280811739759,0.0370039779548017
2018-04-06,0.0,-0.02192020549488527,-0.02192020549488527,0.014272637659018983
2018-04-09,0.0,0.003336571356168383,0.003336571356168383,0.01765683068917734
2018-04-10,0.0,0.01672687474169199,0.01672687474169199,0.03467904902614238
2018-04-11,0.0,-0.005525298565605352,-0.005525298565605352,0.028962138360696388
2018-04-12,0.0,0.008250731400845313,0.008250731400845313,0.037451828585949976
2018-04-13,0.0,-0.0028866474724003055,-0.0028866474724003055,0.03445707088722516
2018-04-16,0.0,0.008109023830139561,0.008109023830139561,0.04284550792630615
2018-04-17,0.0,0.01066157798822931,0.01066157798822931,0.05396388663873708
2018-04-18,0.0,0.0008313657676830566,0.0008313657676830566,0.05484011613446271
2018-04-19,0.0,-0.005726120857699746,-0.005726120857699746,0.04879997414392667
2018-04-20,0.0,-0.008536535555283331,-0.008536535555283331,0.03984685587426684
2018-04-23,0.0,5.617682967939963e-05,5.617682967939963e-05,0.039905271173982015
2018-04-24,0.0,-0.01338056915166519,-0.01338056915166519,0.02599074678185742
2018-04-25,0.0,0.0018371189116968,0.0018371189116968,0.027875613785996345
2018-04-26,0.0,0.01043418958854292,0.01043418958854292,0.03860066281367924
2018-04-27,0.0,0.0011136358523251566,0.0011136358523251566,0.039757285748037274
2018-04-30,0.0,-0.008187541902161422,-0.008187541902161422,0.031244229402897616
2018-05-01,0.0,0.0025490455240648746,0.0025490455240648746,0.03387291789007474
2018-05-02,0.0,-0.007205815880669042,-0.007205815880669042,0.02642301999974883
2018-05-03,0.0,-0.0022536964035709817,-0.0022536964035709817,0.02410977413103299
2018-05-04,0.0,0.012811201149927953,0.012811201149927953,0.037229850447032975
2018-05-07,0.0,0.003457960066380883,0.003457960066380883,0.040816549849536976
2018-05-08,0.0,-0.0002656559269333947,-0.0002656559269333947,0.04054005076421907
2018-05-09,0.0,0.009682176113057217,0.009682176113057217,0.05061474278840783
2018-05-10,-1.0,0.009370632999603501,0.0,0.05061474278840783
2018-05-11,0.0,0.0017076314600799058,0.0,0.05061474278840783
2018-05-14,0.0,0.0008835217690965624,0.0,0.05061474278840783
2018-05-15,0.0,-0.006842165025108815,-0.0,0.05061474278840783
2018-05-16,0.0,0.004060558004020054,0.0,0.05061474278840783
2018-05-17,0.0,-0.000855843612027285,-0.0,0.05061474278840783
2018-05-18,0.0,-0.002632227136203147,-0.0,0.05061474278840783
2018-05-21,0.0,0.007386738519040259,0.0,0.05061474278840783
2018-05-22,0.0,-0.0031357367883761977,-0.0,0.05061474278840783
2018-05-23,0.0,0.003248373977771557,0.0,0.05061474278840783
2018-05-24,0.0,-0.002023202806873625,-0.0,0.05061474278840783
2018-05-25,0.0,-0.002357245505469785,-0.0,0.05061474278840783
2018-05-29,0.0,-0.011564198388288038,-0.0,0.05061474278840783
2018-05-30,0.0,0.01269582803565994,0.0,0.05061474278840783
2018-05-31,0.0,-0.006879563584568427,-0.0,0.05061474278840783
2018-06-01,0.0,0.01084919435028664,0.0,0.05061474278840783
2018-06-04,0.0,0.0044795986279628774,0.0,0.05061474278840783
2018-06-05,0.0,0.0007026178887243884,0.0,0.05061474278840783
2018-06-06,0.0,0.00856737485448189,0.0,0.05061474278840783
2018-06-07,0.0,-0.0007141955380813858,-0.0,0.05061474278840783
2018-06-08,0.0,0.0031259362467830343,0.0,0.05061474278840783
2018-06-11,0.0,0.0010687182218256375,0.0,0.05061474278840783
2018-06-12,0.0,0.0017433501078361058,0.0,0.05061474278840783
2018-06-13,0.0,-0.004026050917702695,-0.0,0.05061474278840783
2018-06-14,0.0,0.002471510972283708,0.0,0.05061474278840783
2018-06-15,0.0,-0.0010170746345898873,-0.0,0.05061474278840783
2018-06-18,0.0,-0.0021261593144484836,-0.0,0.05061474278840783
2018-06-19,0.0,-0.004023433979269853,-0.0,0.05061474278840783
2018-06-20,0.0,0.0017121614137458607,0.0,0.05061474278840783
2018-06-21,0.0,-0.006345489498865264,-0.0,0.05061474278840783
2018-06-22,0.0,0.0018619806819504259,0.0,0.05061474278840783
2018-06-25,0.0,-0.013724735741665661,-0.0,0.05061474278840783
2018-06-26,0.0,0.0022045806696182613,0.0,0.05061474278840783
2018-06-27,0.0,-0.008604290761129008,-0.0,0.05061474278840783
2018-06-28,0.0,0.006178624478169192,0.0,0.05061474278840783
2018-06-29,0.0,0.0007583817752760957,0.0,0.05061474278840783
2018-07-02,0.0,0.0030680150237090142,0.0,0.05061474278840783
2018-07-03,0.0,-0.00494735413740377,-0.0,0.05061474278840783
2018-07-05,0.0,0.00862075320099387,0.0,0.05061474278840783
2018-07-06,0.0,0.008481296202235589,0.0,0.05061474278840783
2018-07-09,0.0,0.008823039183714743,0.0,0.05061474278840783
2018-07-10,0.0,0.0034732074550045677,0.0,0.05061474278840783
2018-07-11,0.0,-0.007094178621538827,-0.0,0.05061474278840783
2018-07-12,0.0,0.008749035695488905,0.0,0.05061474278840783
2018-07-13,0.0,0.0010792305300737493,0.0,0.05061474278840783
2018-07-16,0.0,-0.001028090429120665,-0.0,0.05061474278840783
2018-07-17,0.0,0.00397365665748306,0.0,0.05061474278840783
2018-07-18,0.0,0.0021604883344306103,0.0,0.05061474278840783
2018-07-19,0.0,-0.003952948196134454,-0.0,0.05061474278840783
2018-07-20,0.0,-0.0009484790461010695,-0.0,0.05061474278840783
2018-07-23,0.0,0.00183808439484201,0.0,0.05061474278840783
2018-07-24,0.0,0.004780938945058377,0.0,0.05061474278840783
2018-07-25,0.0,0.009101545880016992,0.0,0.05061474278840783
2018-07-26,0.0,-0.003032251490652005,-0.0,0.05061474278840783
2018-07-27,0.0,-0.006562253298748155,-0.0,0.05061474278840783
2018-07-30,0.0,-0.005754180827438504,-0.0,0.05061474278840783
2018-07-31,0.0,0.00488474987511589,0.0,0.05061474278840783
2018-08-01,0.0,-0.0010403758135703045,-0.0,0.05061474278840783
2018-08-02,0.0,0.004926493587738445,0.0,0.05061474278840783
2018-08-03,0.0,0.0046441380578801095,0.0,0.05061474278840783
2018-08-06,0.0,0.0035382963367192044,0.0,0.05061474278840783
2018-08-07,0.0,0.002824165029469361,0.0,0.05061474278840783
2018-08-08,0.0,-0.00026237996116773576,-0.0,0.05061474278840783
2018-08-09,0.0,-0.001441718864821362,-0.0,0.05061474278840783
2018-08-10,0.0,-0.0071138709971333425,-0.0,0.05061474278840783
2018-08-13,0.0,-0.004005957759204981,-0.0,0.05061474278840783
2018-08-14,0.0,0.00638924424064391,0.0,0.05061474278840783
2018-08-15,0.0,-0.00760221974957398,-0.0,0.05061474278840783
2018-08-16,0.0,0.007919471183698512,0.0,0.05061474278840783
2018-08-17,0.0,0.0033231362802699227,0.0,0.05061474278840783
2018-08-20,0.0,0.002427959426412052,0.0,0.05061474278840783
2018-08-21,0.0,0.0020685672284348477,0.0,0.05061474278840783
2018-08-22,0.0,-0.0003981892866123937,-0.0,0.05061474278840783
2018-08-23,0.0,-0.001691231454109654,-0.0,0.05061474278840783
2018-08-24,0.0,0.0061988533346399866,0.0,0.05061474278840783
2018-08-27,0.0,0.007670392285776817,0.0,0.05061474278840783
2018-08-28,0.0,0.0002692682118519141,0.0,0.05061474278840783
2018-08-29,0.0,0.005701427427593275,0.0,0.05061474278840783
2018-08-30,0.0,-0.004430275493816138,-0.0,0.05061474278840783
2018-08-31,0.0,0.00013443037712890238,0.0,0.05061474278840783
2018-09-04,0.0,-0.001654305329620409,-0.0,0.05061474278840783
2018-09-05,0.0,-0.002803170482476691,-0.0,0.05061474278840783
2018-09-06,0.0,-0.0036522883057535926,-0.0,0.05061474278840783
2018-09-07,0.0,-0.0022133041469051262,-0.0,0.05061474278840783
2018-09-10,0.0,0.001897843770893859,0.0,0.05061474278840783
2018-09-11,0.0,0.0037398379635260603,0.0,0.05061474278840783
2018-09-12,0.0,0.00035666178420923345,0.0,0.05061474278840783
2018-09-13,0.0,0.005282250806529776,0.0,0.05061474278840783
2018-09-14,0.0,0.00027546501938591206,0.0,0.05061474278840783
2018-09-17,0.0,-0.005569745746958565,-0.0,0.05061474278840783
2018-09-18,0.0,0.005369011354195541,0.0,0.05061474278840783
2018-09-19,0.0,0.00125330973621951,0.0,0.05061474278840783
2018-09-20,0.0,0.007840574975498171,0.0,0.05061474278840783
2018-09-21,0.0,-0.00036850635502849727,-0.0,0.05061474278840783
2018-09-24,0.0,-0.0035157543341060027,-0.0,0.05061474278840783
2018-09-25,0.0,-0.0013050760951849316,-0.0,0.05061474278840783
2018-09-26,0.0,-0.00328924803468289,-0.0,0.05061474278840783
2018-09-27,0.0,0.0027632769780832067,0.0,0.05061474278840783
2018-09-28,0.0,-6.863417982172493e-06,-0.0,0.05061474278840783
2018-10-01,0.0,0.0036410682297065566,0.0,0.05061474278840783
2018-10-02,0.0,-0.00039663679353352244,-0.0,0.05061474278840783
2018-10-03,0.0,0.0007114930065028613,0.0,0.05061474278840783
2018-10-04,0.0,-0.008169515742554312,-0.0,0.05061474278840783
2018-10-05,0.0,-0.005527965508803745,-0.0,0.05061474278840783
2018-10-08,0.0,-0.00039506925841348295,-0.0,0.05061474278840783
2018-10-09,0.0,-0.0014179577940874877,-0.0,0.05061474278840783
2018-10-10,1.0,-0.032864175757028824,-0.032864175757028824,0.01608715522848403
2018-10-11,0.0,-0.020573073719881707,-0.020573073719881707,-0.004816880721856487
2018-10-12,0.0,0.014206284338267983,0.014206284338267983,0.009320973639253216
2018-10-15,0.0,-0.005905035180855278,-0.005905035180855278,0.00336089778113835
2018-10-16,0.0,0.021495643069809,0.021495643069809,0.02492878551004485
2018-10-17,0.0,-0.0002526762327753618,-0.0002526762327753618,0.024669810365659073
2018-10-18,0.0,-0.014391946490294405,-0.014391946490294405,0.009922817284656382
2018-10-19,0.0,-0.00036116990154511086,-0.00036116990154511086,0.009558063560169527
2018-10-22,0.0,-0.0042994746692295305,-0.0042994746692295305,0.005217494238776155
2018-10-23,0.0,-0.00551185102399232,-0.00551185102399232,-0.0003231148361788616
2018-10-24,0.0,-0.030864490329077787,-0.030864490329077787,-0.031177632390520182
2018-10-25,0.0,0.018625051767629408,0.018625051767629408,-0.013133265640156377
2018-10-26,0.0,-0.01732721755489608,-0.01732721755489608,-0.030232920244099182
2018-10-29,0.0,-0.006559621467715271,-0.006559621467715271,-0.036594225199149566
2018-10-30,0.0,0.015666824420255576,0.015666824420255576,-0.021500716079884352
2018-10-31,0.0,0.010851291456518197,0.010851291456518197,-0.010882735160072876
2018-11-01,0.0,0.0105577968389301,0.0105577968389301,-0.0004398360280146729
2018-11-02,0.0,-0.006316665267828814,-0.006316665267828814,-0.006753722998881773
2018-11-05,0.0,0.005600317290107348,0.005600317290107348,-0.001191228700457625
2018-11-06,0.0,0.006259335137365651,0.006259335137365651,0.005060650137246547
2018-11-07,0.0,0.02120887695294771,0.02120887695294771,0.02637685779625709
2018-11-08,0.0,-0.0025089822274502183,-0.0025089822274502183,0.023801696501380087
2018-11-09,0.0,-0.009198989607493102,-0.009198989607493102,0.014383755335130033
2018-11-12,0.0,-0.019701475363267495,-0.019701475363267495,-0.0056011012295037466
2018-11-13,0.0,-0.001481905348797996,-0.001481905348797996,-0.007074706276430587
2018-11-14,0.0,-0.007567464311691308,-0.007567464311691308,-0.01458863300085933
2018-11-15,0.0,0.010593800664796094,0.010593800664796094,-0.00414938140604626
2018-11-16,0.0,0.0022232803457622463,0.0022232803457622463,-0.0019353262984111996
2018-11-19,0.0,-0.016643094431470606,-0.016643094431470606,-0.018546210911541627
2018-11-20,0.0,-0.018151208036480848,-0.018151208036480848,-0.03636078281547861
2018-11-21,0.0,0.00304327583661701,0.00304327583661701,-0.03342816287060446
2018-11-23,0.0,-0.006554890129173208,-0.006554890129173208,-0.0397639350649408
2018-11-26,0.0,0.015532409517731827,0.015532409517731827,-0.024849155270674106
2018-11-27,0.0,0.003261703042884756,0.003261703042884756,-0.021668502793148803
2018-11-28,0.0,0.02297393528374414,0.02297393528374414,0.0008076217097299221
2018-11-29,0.0,-0.0021976900564546487,-0.0021976900564546487,-0.001391843248925606
2018-11-30,0.0,0.00818552393197347,0.00818552393197347,0.006782287716824209
2018-12-03,0.0,0.010941355061463431,0.010941355061463431,0.017797850196326515
2018-12-04,0.0,-0.03236488351007216,-0.03236488351007216,-0.015143058662079434
2018-12-06,0.0,-0.0015221883958135285,-0.0015221883958135285,-0.016642196469720427
2018-12-07,0.0,-0.02332016543333515,-0.02332016543333515,-0.039574263128207665
2018-12-10,0.0,0.001762194844060927,0.001762194844060927,-0.037881805846588734
2018-12-11,0.0,-0.00035636837875119287,-0.00035636837875119287,-0.038224674347606236
2018-12-12,0.0,0.005419488922094429,0.005419488922094429,-0.0330123436246893
2018-12-13,0.0,-0.00019991927787654795,-0.00019991927787654795,-0.03320566309866735
2018-12-14,0.0,-0.019086676677205427,-0.019086676677205427,-0.05165855402045627
2018-12-17,0.0,-0.020773476413007863,-0.020773476413007863,-0.07135890267999012
2018-12-18,0.0,8.641209140813899e-05,8.641209140813899e-05,-0.0712786568606032
2018-12-19,0.0,-0.015395733182517968,-0.015395733182517968,-0.08557700286048708
2018-12-20,0.0,-0.015772090500047797,-0.015772090500047797,-0.09999936512669638
2018-12-21,0.0,-0.020588306814405377,-0.020588306814405377,-0.11852885433062754
2018-12-24,0.0,-0.02711224768478282,-0.02711224768478282,-0.1424275183590048
2018-12-26,0.0,0.049593807154098,0.049593807154098,-0.09989723408383999
2018-12-27,0.0,0.008562629168861635,0.008562629168861635,-0.0921899878854332
2018-12-28,0.0,-0.0012415472330372657,-0.0012415472330372657,-0.09331707689409752
2018-12-31,0.0,0.008492440882795549,0.008492440882795549,-0.08561712577018032
2019-01-02,0.0,0.0012685242435728217,0.0012685242435728217,-0.08445720892631203
2019-01-03,0.0,-0.02475667621502542,-0.02475667621502542,-0.107123005365924
2019-01-04,0.0,0.0343356931888279,0.0343356931888279,-0.07646545482280565
2019-01-07,0.0,0.00701043468644591,0.00701043468644591,-0.06999107621316436
2019-01-08,0.0,0.009695296290921585,0.009695296290921585,-0.060974364143849824
2019-01-09,0.0,0.0040980263439003295,0.0040980263439003295,-0.05712621235051352
2019-01-10,0.0,0.004518445159692908,0.004518445159692908,-0.0528658888485074
2019-01-11,0.0,-0.00014634296629478794,-0.00014634296629478794,-0.053004495263812235
2019-01-14,0.0,-0.005257562801876614,-0.005257562801876614,-0.05798338360305755
2019-01-15,0.0,0.010721711756711327,0.010721711756711327,-0.04788335297201707
2019-01-16,0.0,0.002221966823736654,0.002221966823736654,-0.04576778136999349
2019-01-17,0.0,0.007591452926111408,0.007591452926111408,-0.03852377240168492
2019-01-18,0.0,0.013183052853609212,0.013183052853609212,-0.025848580475767546
2019-01-22,0.0,-0.014157284018107563,-0.014157284018107563,-0.039639918798614726
2019-01-23,0.0,0.0022028941471379238,0.0022028941471379238,-0.03752434719659126
2019-01-24,0.0,0.001375677416909804,0.001375677416909804,-0.03620029117670409
2019-01-25,0.0,0.0084887201825663,0.0084887201825663,-0.028018865136464233
2019-01-28,0.0,-0.0078468605052614,-0.0078468605052614,-0.0356458655154841
2019-01-29,0.0,-0.001456209694195909,-0.001456209694195909,-0.0370501673547583
2019-01-30,0.0,0.015549242424242493,0.015549242424242493,-0.0220770269645737
2019-01-31,0.0,0.008597377892989533,0.008597377892989533,-0.013669453615152372
2019-02-01,0.0,0.000898635405495396,0.000898635405495396,-0.012783102064649277
2019-02-04,0.0,0.006776204217207926,0.006776204217207926,-0.006093518757560812
2019-02-05,0.0,0.004708481505539597,0.004708481505539597,-0.0014137284723948484
2019-02-06,0.0,-0.002224495014062744,-0.002224495014062744,-0.003635078654519508
2019-02-07,0.0,-0.009357119061652264,-0.009357119061652264,-0.012958183852402994
2019-02-08,0.0,0.0006762624489569102,0.0006762624489569102,-0.0122906845365921
2019-02-11,0.0,0.0007090417596054,0.0007090417596054,-0.011590357385577232
2019-02-12,0.0,0.012890250202966858,0.012890250202966858,0.0011504902107477566
2019-02-13,0.0,0.003023976857468691,0.003023976857468691,0.004177946123988585
2019-02-14,0.0,-0.0026516238471793185,-0.0026516238471793185,0.0015152439352346114
2019-02-15,0.0,0.010878709851296353,0.010878709851296353,0.012410437685656417
2019-02-19,0.0,0.0014987750396311394,0.0014987750396311394,0.013927813179521742
2019-02-20,0.0,0.0017771318387196366,0.0017771318387196366,0.01572969657848655
2019-02-21,0.0,-0.003526412180845262,-0.003526412180845262,0.012147815004025952
2019-02-22,0.0,0.006411088047050706,0.006411088047050706,0.018636783762646658
2019-02-25,0.0,0.0012317960947767492,0.0012317960947767492,0.01989153657488152
2019-02-26,0.0,-0.0007903837831845228,-0.0007903837831845228,0.019085430843765572
2019-02-27,0.0,-0.0005440423780378456,-0.0005440423780378456,0.01853100518254558
2019-02-28,0.0,-0.0028255466662847617,-0.0028255466662847617,0.015653098296344314
2019-03-01,0.0,0.0068953381050032014,0.0068953381050032014,0.02265636980649166
2019-03-04,0.0,-0.0038806002090102654,-0.0038806002090102654,0.018687849284074964
2019-03-05,0.0,-0.0011314768996100177,-0.0011314768996100177,0.017535227514696716
2019-03-06,0.0,-0.0065241159285216455,-0.0065241159285216455,0.010896709729036225
2019-03-07,0.0,-0.008125710368218741,-0.008125710368218741,0.0026824558535927245
2019-03-08,0.0,-0.0021317385309919112,-0.0021317385309919112,0.0005449990281001238
2019-03-11,0.0,0.014666049353461608,0.014666049353461608,0.015219041364205488
2019-03-12,0.0,0.0029533287823806376,0.0029533287823806376,0.018217316979487252
2019-03-13,0.0,0.006949618845646821,0.006949618845646821,0.025293539234531925
2019-03-14,0.0,-0.0008680432029370966,-0.0008680432029370966,0.024403540146784142
2019-03-15,0.0,0.004984902865607044,0.004984902865607044,0.029510092289599887
2019-03-18,0.0,0.0037059607153993035,0.0037059607153993035,0.03332541624773233
2019-03-19,0.0,-0.0001306063665308388,-0.0001306063665308388,0.03319045736967219
2019-03-20,0.0,-0.0029443226469249018,-0.0029443226469249018,0.03014841130745194
2019-03-21,0.0,0.010852515552911779,0.010852515552911779,0.04132811296297345
2019-03-22,0.0,-0.018974527826038257,-0.018974527826038257,0.021569403707521584
2019-03-25,0.0,-0.0008390729493592541,-0.0008390729493592541,0.020712232454977553
2019-03-26,0.0,0.007182778484540853,0.007182778484540853,0.02804378231716287
2019-03-27,0.0,-0.004644380264399728,-0.004644380264399728,0.023269156063630225
2019-03-28,0.0,0.0035895443381801506,0.0035895443381801506,0.026942226069212705
2019-03-29,0.0,0.006734293751598397,0.006734293751598397,0.03385795668548308
2019-04-01,-1.0,0.01156858594411525,0.0,0.03385795668548308
2019-04-02,0.0,1.7438676892522764e-05,0.0,0.03385795668548308
2019-04-03,0.0,0.0021484075277968806,0.0,0.03385795668548308
2019-04-04,0.0,0.0020846384074615365,0.0,0.03385795668548308
2019-04-05,0.0,0.004636398681665099,0.0,0.03385795668548308
2019-04-08,0.0,0.0010474498226595852,0.0,0.03385795668548308
2019-04-09,0.0,-0.0060674708281390766,-0.0,0.03385795668548308
2019-04-10,0.0,0.0034778681120144483,0.0,0.03385795668548308
2019-04-11,0.0,3.808587325715429e-05,0.0,0.03385795668548308
2019-04-12,0.0,0.006609378462220095,0.0,0.03385795668548308
2019-04-15,0.0,-0.0006294261903205811,-0.0,0.03385795668548308
2019-04-16,0.0,0.000509364739569973,0.0,0.03385795668548308
2019-04-17,0.0,-0.002273774879087531,-0.0,0.03385795668548308
2019-04-18,0.0,0.0015790653174507785,0.0,0.03385795668548308
2019-04-22,0.0,0.001012037741434657,0.0,0.03385795668548308
2019-04-23,0.0,0.008841219132246891,0.0,0.03385795668548308
2019-04-24,0.0,-0.0021917864252406494,-0.0,0.03385795668548308
2019-04-25,0.0,-0.00036894696387390624,-0.0,0.03385795668548308
2019-04-26,0.0,0.004685305365033532,0.0,0.03385795668548308
2019-04-29,0.0,0.0010714723049920494,0.0,0.03385795668548308
2019-04-30,0.0,0.0009514004274504551,0.0,0.03385795668548308
2019-05-01,0.0,-0.007502130129708795,-0.0,0.03385795668548308
2019-05-02,0.0,-0.0021239991380873624,-0.0,0.03385795668548308
2019-05-03,0.0,0.00963832295922562,0.0,0.03385795668548308
2019-05-06,0.0,-0.004471014787957861,-0.0,0.03385795668548308
2019-05-07,0.0,-0.016511677868827124,-0.0,0.03385795668548308
2019-05-08,0.0,-0.0016053813214057522,-0.0,0.03385795668548308
2019-05-09,0.0,-0.0030214418181440106,-0.0,0.03385795668548308
2019-05-10,0.0,0.0037203210344445292,0.0,0.03385795668548308
2019-05-13,1.0,-0.024130630943291487,-0.024130630943291487,0.008910311884920308
2019-05-14,0.0,0.008016017810211773,0.008016017810211773,0.016997754913896213
2019-05-15,0.0,0.00583895766667486,0.00583895766667486,0.02293596175194179
2019-05-16,0.0,0.008895249319527565,0.008895249319527565,0.032035232169635997
2019-05-17,0.0,-0.005837319908772343,-0.005837319908772343,0.026010912362337768
2019-05-20,0.0,-0.006749360908960611,-0.006749360908960611,0.01908599441827241
2019-05-21,0.0,0.008495790833841,0.008495790833841,0.027743935868546954
2019-05-22,0.0,-0.002824365652362215,-0.002824365652362215,0.024841211196656277
2019-05-23,0.0,-0.011914139769699683,-0.011914139769699683,0.012631109764710935
2019-05-24,0.0,0.001353534780883292,0.001353534780883292,0.014001741191981942
2019-05-28,0.0,-0.008375618352052028,-0.008375618352052028,0.005508849599441756
2019-05-29,0.0,-0.0069119572935958384,-0.0069119572935958384,-0.001441184627322234
2019-05-30,0.0,0.0020984398243635294,0.0020984398243635294,0.0006542309578250194
2019-05-31,0.0,-0.013195355808466647,-0.013195355808466647,-0.012549757660911043
2019-06-03,0.0,-0.0027652013400870645,-0.0027652013400870645,-0.015280256394296421
2019-06-04,0.0,0.021432345278653342,0.021432345278653342,0.005824597153367916
2019-06-05,0.0,0.008161896642135735,0.008161896642135735,0.014034033555451408
2019-06-06,0.0,0.006135555437609463,0.006135555437609463,0.02025569558395368
2019-06-07,0.0,0.010497663083042452,0.010497663083042452,0.03096599613474904
2019-06-10,0.0,0.0046600819951694294,0.0046600819951694294,0.03577038221096851
2019-06-11,0.0,-0.00034987685027698667,-0.00034987685027698667,0.03540799013203033
2019-06-12,0.0,-0.002037619727485618,-0.002037619727485618,0.03329822238534108
2019-06-13,0.0,0.004097449858325275,0.004097449858325275,0.03753211004026169
2019-06-14,0.0,-0.0016115422390061696,-0.0016115422390061696,0.03586008322060663
2019-06-17,0.0,0.0009317695307899942,0.0009317695307899942,0.036825266084313135
2019-06-18,0.0,0.009717372571954597,0.009717372571954597,0.04690048348687026
2019-06-19,0.0,0.002985176934281464,0.002985176934281464,0.05002566666266328
2019-06-20,-1.0,0.009472195075278522,0.0,0.05002566666266328
2019-06-21,0.0,-0.0012592326804730103,-0.0,0.05002566666266328
2019-06-24,0.0,-0.001731933325650914,-0.0,0.05002566666266328
2019-06-25,0.0,-0.009496324715228988,-0.0,0.05002566666266328
2019-06-26,0.0,-0.0012339839170762978,-0.0,0.05002566666266328
2019-06-27,0.0,0.003823212459416858,0.0,0.05002566666266328
2019-06-28,0.0,0.005757422425228809,0.0,0.05002566666266328
2019-07-01,0.0,0.007672277820080398,0.0,0.05002566666266328
2019-07-02,0.0,0.0029281490252435205,0.0,0.05002566666266328
2019-07-03,0.0,0.007672358989710748,0.0,0.05002566666266328
2019-07-05,0.0,-0.0018058494836139527,-0.0,0.05002566666266328
2019-07-08,0.0,-0.004835457345313876,-0.0,0.05002566666266328
2019-07-09,0.0,0.0012365799156572876,0.0,0.05002566666266328
2019-07-10,0.0,0.004510627158405667,0.0,0.05002566666266328
2019-07-11,0.0,0.002285278994477169,0.0,0.05002566666266328
2019-07-12,0.0,0.004620138604158219,0.0,0.05002566666266328
2019-07-15,0.0,0.00017585947169163063,0.0,0.05002566666266328
2019-07-16,0.0,-0.0034037753375577573,-0.0,0.05002566666266328
2019-07-17,0.0,-0.006531204644412147,-0.0,0.05002566666266328
2019-07-18,0.0,0.0035819355184592006,0.0,0.05002566666266328
2019-07-19,0.0,-0.0061767347442999165,-0.0,0.05002566666266328
2019-07-22,0.0,0.0028287212634507952,0.0,0.05002566666266328
2019-07-23,0.0,0.006847502370160408,0.0,0.05002566666266328
2019-07-24,0.0,0.00468811866363672,0.0,0.05002566666266328
2019-07-25,0.0,-0.00526235610486292,-0.0,0.05002566666266328
2019-07-26,0.0,0.007387629133693174,0.0,0.05002566666266328
2019-07-29,0.0,-0.00161606948107329,-0.0,0.05002566666266328
2019-07-30,0.0,-0.002578641959370631,-0.0,0.05002566666266328
2019-07-31,0.0,-0.010885509660889747,-0.0,0.05002566666266328
2019-08-01,0.0,-0.008998852495319398,-0.0,0.05002566666266328
2019-08-02,0.0,-0.0072827367651240316,-0.0,0.05002566666266328
2019-08-05,1.0,-0.02977780051499812,-0.02977780051499812,0.01875821182515458
2019-08-06,0.0,0.013017006826634425,0.013017006826634425,0.03201939442317259
2019-08-07,0.0,0.0007668897934256513,0.0007668897934256513,0.03281083956337305
2019-08-08,0.0,0.01876226603513209,0.01876226603513209,0.052188711299229196
2019-08-09,0.0,-0.006616543400644659,-0.006616543400644659,0.045226859025249366
2019-08-12,0.0,-0.011957583129186489,-0.011957583129186489,0.032728471969596384
2019-08-13,0.0,0.014762028608582556,0.014762028608582556,0.04797363921770925
2019-08-14,0.0,-0.02929276360753441,-0.02929276360753441,0.017275595137177246
2019-08-15,0.0,0.002464268112370549,0.002464268112370549,0.01978243494776666
2019-08-16,0.0,0.014426183452732166,0.014426183452732166,0.03449400343619713
2019-08-19,0.0,0.012105875347909967,0.012105875347909967,0.04701745888995612
2019-08-20,0.0,-0.007914764079147596,-0.007914764079147596,0.03873056271609343
2019-08-21,0.0,0.008246825558263726,0.008246825558263726,0.0472967924688501
2019-08-22,0.0,-0.0005060815269983809,-0.0005060815269983809,0.04676677490889691
2019-08-23,0.0,-0.025946389777450785,-0.025946389777450785,0.01960695616102548
2019-08-26,0.0,0.010983067039910699,0.010983067039910699,0.030805367714901388
2019-08-27,0.0,-0.0032031906836484936,-0.0032031906836484936,0.027503501564382082
2019-08-28,0.0,0.006545469754213773,0.006545469754213773,0.034228994656220424
2019-08-29,0.0,0.012687244194824032,0.012687244194824032,0.04735051046479133
2019-08-30,0.0,0.0006428273461489553,0.0006428273461489553,0.04802377601392127
2019-09-03,0.0,-0.006899120439028739,-0.006899120439028739,0.04079333376023553
2019-09-04,0.0,0.010842075925499017,0.010842075925499017,0.05207769410761731
2019-09-05,0.0,0.013009823744460025,0.013009823744460025,0.06576503947343526
2019-09-06,0.0,0.0009106182795699524,0.0009106182795699524,0.06673554460010633
2019-09-09,0.0,-9.400042300200528e-05,-9.400042300200528e-05,0.06663527100768274
2019-09-10,0.0,0.00032231746255573235,0.00032231746255573235,0.06697906618170646
2019-09-11,0.0,0.0072296678179091245,0.0072296678179091245,0.07469297039886302
2019-09-12,0.0,0.0028791074766822966,0.0028791074766822966,0.07778712696507628
2019-09-13,0.0,-0.0007243559711188619,-0.0007243559711188619,0.0770064254240641
2019-09-16,0.0,-0.0031356092824674775,-0.0031356092824674775,0.07362935407922722
2019-09-17,0.0,0.002581755593803692,0.002581755593803692,0.07640120266979311
2019-09-18,0.0,0.0003426822370828919,0.0003426822370828919,0.07677006624192262
2019-09-19,0.0,1.9955233758972568e-05,1.9955233758972568e-05,0.0767915534402992
2019-09-20,0.0,-0.004895586322955614,-0.004895586322955614,0.07152002743860275
2019-09-23,0.0,-9.69228661094057e-05,-9.69228661094057e-05,0.07141617264644973
2019-09-24,0.0,-0.00841639425358831,-0.00841639425358831,0.06239871172778666
2019-09-25,0.0,0.006158565361019441,0.006158565361019441,0.06894156363342518
2019-09-26,0.0,-0.0024289165022262083,-0.0024289165022262083,0.06634519382960047
2019-09-27,0.0,-0.005316326462073695,-0.005316326462073695,0.060676154657939074
2019-09-30,0.0,0.005047623227845355,0.005047623227845355,0.06603004825341219
2019-10-01,0.0,-0.012258376613342059,-0.012258376613342059,0.05296225044078273
2019-10-02,0.0,-0.01790323952044892,-0.01790323952044892,0.03411081506515057
2019-10-03,0.0,0.007971990677411389,0.007971990677411389,0.04235473684226032
2019-10-04,0.0,0.014216853396000317,0.014216853396000317,0.057173741322573246
2019-10-07,0.0,-0.004478304612789308,-0.004478304612789308,0.052439395280288625
2019-10-08,0.0,-0.015560826054260457,-0.015560826054260457,0.036062568917681004
2019-10-09,0.0,0.009104546742895181,0.009104546742895181,0.04549544900495617
2019-10-10,0.0,0.00641570185654583,0.00641570185654583,0.05220303609814758
2019-10-11,0.0,0.010938930544257763,0.010938930544257763,0.06371301202848234
2019-10-14,0.0,-0.001387079289088211,-0.001387079289088211,0.06223755773996409
2019-10-15,0.0,0.009955666436289423,0.009955666436289423,0.07281284054092185
2019-10-16,0.0,-0.0019995460129251796,-0.0019995460129251796,0.07066770190300331
2019-10-17,0.0,0.002762828253096483,0.002762828253096483,0.0736257728794989
2019-10-18,0.0,-0.003919344885671916,-0.003919344885671916,0.06941786319743803
2019-10-21,0.0,0.006871609403255041,0.006871609403255041,0.07676648504219452
2019-10-22,0.0,-0.0035686728395061262,-0.0035686728395061262,0.07292385773253396
2019-10-23,0.0,0.002847139009142241,0.002847139009142241,0.07597862110172371
2019-10-24,0.0,0.001920439870594981,0.001920439870594981,0.07804497334559524
2019-10-25,0.0,0.004072697314876805,0.004072697314876805,0.08243552421385636
2019-10-28,0.0,0.00558137996062924,0.00558137996062924,0.08847700815737669
2019-10-29,0.0,-0.0008323956544341593,-0.0008323956544341593,0.08757096462583491
2019-10-30,0.0,0.0032533282404039188,0.0032533282404039188,0.09110918995849548
2019-10-31,0.0,-0.0030228734036372717,-0.0030228734036372717,0.08781090500770583
2019-11-01,0.0,0.009662360578885698,0.009662360578885698,0.0983217262135343
2019-11-04,0.0,0.00370405391746087,0.00370405391746087,0.10238996910614784
2019-11-05,0.0,-0.001185730946278274,-0.001185730946278274,0.1010828312049119
2019-11-06,0.0,0.0007025258405917167,0.0007025258405917167,0.10185637034646522
2019-11-07,0.0,0.0027301269509030224,0.0027301269509030224,0.10486457811917238
2019-11-08,0.0,0.002560628553277322,0.002560628553277322,0.10769372590540893
2019-11-11,0.0,-0.001962445200253349,-0.001962445200253349,0.10551993766965517
2019-11-12,0.0,0.001564620781921544,0.001564620781921544,0.10724965713896162
2019-11-13,0.0,0.0007115504036430131,0.0007115504036430131,0.10803752107943243
2019-11-14,0.0,0.0008370932502488326,0.0008370932502488326,0.10896505180935057
2019-11-15,0.0,0.007695462486638771,0.007695462486638771,0.11749905076454281
2019-11-18,0.0,0.0005031309486422941,0.0005031309486422941,0.11806129912206087
2019-11-19,0.0,-0.000592563172038818,-0.000592563172038818,0.11739877717211922
2019-11-20,0.0,-0.0037561935529359936,-0.0037561935529359936,0.11320161108924665
2019-11-21,0.0,-0.0015827773238195064,-0.0015827773238195064,0.11143966082237533
2019-11-22,0.0,0.0021749357185665286,0.0021749357185665286,0.11385697063972944
2019-11-25,0.0,0.007507338543994324,0.007507338543994324,0.12221907200790993
2019-11-26,0.0,0.0021955297992111156,0.0021955297992111156,0.12468293742174641
2019-11-27,0.0,0.00417446792250975,0.00417446792250975,0.12937789026700752
2019-11-29,0.0,-0.004011250527170329,-0.004011250527170329,0.12484767260929952
2019-12-02,0.0,-0.008631064190157245,-0.008631064190157245,0.11513904014285958
2019-12-03,0.0,-0.006638042050567283,-0.006638042050567283,0.10773670030216209
2019-12-04,0.0,0.006323548428811776,0.006323548428811776,0.11474152697289508
2019-12-05,0.0,0.001500276282141666,0.001500276282141666,0.11641394724653087
2019-12-06,0.0,0.009135730393304842,0.009135730393304842,0.1266132040759005
2019-12-09,0.0,-0.00316283682622831,-0.00316283682622831,0.12304991034513413
2019-12-10,0.0,-0.0010969527672547441,-0.0010969527672547441,0.12181797763821578
2019-12-11,0.0,0.0029082017034209873,0.0029082017034209873,0.12508045059171158
2019-12-12,-1.0,0.008575166394515055,0.0,0.12508045059171158
2019-12-13,0.0,7.258794976916505e-05,0.0,0.12508045059171158
2019-12-16,0.0,0.007147816208028068,0.0,0.12508045059171158
2019-12-17,0.0,0.00033527080167328194,0.0,0.12508045059171158
2019-12-18,0.0,-0.000432260408705365,-0.0,0.12508045059171158
2019-12-19,0.0,0.004459221469443442,0.0,0.12508045059171158
2019-12-20,0.0,0.0049448269622538454,0.0,0.12508045059171158
2019-12-23,0.0,0.0008661314657181229,0.0,0.12508045059171158
2019-12-24,0.0,-0.0001954088231737039,-0.0,0.12508045059171158
2019-12-26,0.0,0.005128157399996169,0.0,0.12508045059171158
2019-12-27,0.0,3.395156038288327e-05,0.0,0.12508045059171158
2019-12-30,0.0,-0.005780828513404224,-0.0,0.12508045059171158
2019-12-31,0.0,0.002946024729223451,0.0,0.12508045059171158
2020-01-02,0.0,0.008378781594537532,0.0,0.12508045059171158
2020-01-03,0.0,-0.007059870773669763,-0.0,0.12508045059171158
2020-01-06,0.0,0.0035333941295578875,0.0,0.12508045059171158
2020-01-07,0.0,-0.0028032085956850583,-0.0,0.12508045059171158
2020-01-08,0.0,0.0049024150649641385,0.0,0.12508045059171158
2020-01-09,0.0,0.006655292725288531,0.0,0.12508045059171158
2020-01-10,0.0,-0.0028552233792408233,-0.0,0.12508045059171158
2020-01-13,0.0,0.006976281256220629,0.0,0.12508045059171158
2020-01-14,0.0,-0.0015145386587512855,-0.0,0.12508045059171158
2020-01-15,0.0,0.001870155186330269,0.0,0.12508045059171158
2020-01-16,0.0,0.00836654718799501,0.0,0.12508045059171158
2020-01-17,0.0,0.003862144651035182,0.0,0.12508045059171158
2020-01-21,0.0,-0.002651954277064661,-0.0,0.12508045059171158
2020-01-22,0.0,0.0002890878375325645,0.0,0.12508045059171158
2020-01-23,0.0,0.0011409648528637462,0.0,0.12508045059171158
2020-01-24,0.0,-0.009042140524546438,-0.0,0.12508045059171158
2020-01-27,0.0,-0.015730684849202037,-0.0,0.12508045059171158
2020-01-28,0.0,0.010053551114029613,0.0,0.12508045059171158
2020-01-29,0.0,-0.0008668473616095795,-0.0,0.12508045059171158
2020-01-30,0.0,0.003134355715769477,0.0,0.12508045059171158
2020-01-31,0.0,-0.017705852615678808,-0.0,0.12508045059171158
2020-02-03,0.0,0.0072546442124061805,0.0,0.12508045059171158
2020-02-04,0.0,0.014980362705145023,0.0,0.12508045059171158
2020-02-05,0.0,0.011250640619361318,0.0,0.12508045059171158
2020-02-06,0.0,0.0033256464618900416,0.0,0.12508045059171158
2020-02-07,0.0,-0.005400833288500828,-0.0,0.12508045059171158
2020-02-10,0.0,0.007326359568592178,0.0,0.12508045059171158
2020-02-11,0.0,0.0016884988171557147,0.0,0.12508045059171158
2020-02-12,0.0,0.0064626610081155444,0.0,0.12508045059171158
2020-02-13,0.0,-0.0016304428235363044,-0.0,0.12508045059171158
2020-02-14,0.0,0.0018435419717006685,0.0,0.12508045059171158
2020-02-18,0.0,-0.0029199801192842934,-0.0,0.12508045059171158
2020-02-19,0.0,0.004705826501577137,0.0,0.12508045059171158
2020-02-20,0.0,-0.0038155427255142094,-0.0,0.12508045059171158
2020-02-21,0.0,-0.010518108756295885,-0.0,0.12508045059171158
2020-02-24,0.0,-0.0335135944873044,-0.0,0.12508045059171158
2020-02-25,1.0,-0.030280015747592093,-0.030280015747592093,0.09101299683048647
2020-02-26,0.0,-0.003778518705585654,-0.003778518705585654,0.08689058381392534
2020-02-27,0.0,-0.044163278665378725,-0.044163278665378725,0.03888993208217473
2020-02-28,0.0,-0.008238327357692588,-0.008238327357692588,0.03033121673307071
2020-03-02,0.0,0.04603922524388837,0.04603922524388837,0.07776686769605412
2020-03-03,0.0,-0.028107940185681968,-0.028107940185681968,0.04747306104474358
2020-03-04,0.0,0.042202592421180185,0.042202592421180185,0.09167913971218078
2020-03-05,0.0,-0.03392202215889484,-0.03392202215889484,0.054647175744460874
2020-03-06,0.0,-0.017053909799797706,-0.017053909799797706,0.03666131793870342
2020-03-09,0.0,-0.07596968075979771,-0.07596968075979771,-0.04209351144113105
2020-03-10,0.0,0.04939633578003022,0.04939633578003022,0.005223559113592513
2020-03-11,0.0,-0.048868410917935035,-0.048868410917935035,-0.04390011883755973
2020-03-12,0.0,-0.09511268047479748,-0.09511268047479748,-0.13483734133655478
2020-03-13,0.0,0.0928711945304439,0.0928711945304439,-0.05448865176334594
2020-03-16,0.0,-0.11984050283657066,-0.11984050283657066,-0.16779920717371044
2020-03-17,0.0,0.05995482224354909,0.05995482224354909,-0.11790475656886967
2020-03-18,0.0,-0.05183082330706679,-0.05183082330706679,-0.16362447927115265
2020-03-19,0.0,0.004707893749218206,0.004707893749218206,-0.15968691218511422
2020-03-20,0.0,-0.043359522534749395,-0.043359522534749395,-0.19612248645246866
2020-03-23,0.0,-0.02929385835517062,-0.02929385835517062,-0.21967116046923685
2020-03-24,0.0,0.09382765710199337,0.09382765710199337,-0.14645473368694795
2020-03-25,0.0,0.011535019797084933,0.011535019797084933,-0.13660907214231877
2020-03-26,0.0,0.06241416083633622,0.06241416083633622,-0.08272125190637591
2020-03-27,0.0,-0.0336873163071707,-0.0336873163071707,-0.11362191123525134
2020-03-30,0.0,0.03351603599491648,0.03351603599491648,-0.08391403130710673
2020-03-31,0.0,-0.0160127919593398,-0.0160127919593398,-0.09858312534065627
2020-04-01,0.0,-0.04414239782712159,-0.04414239782712159,-0.13837382762994965
2020-04-02,0.0,0.022829386763812964,0.022829386763812964,-0.11870343049509002
2020-04-03,0.0,-0.015137124539950086,-0.015137124539950086,-0.1320437264243166
2020-04-06,0.0,0.07033130412070787,0.07033130412070787,-0.07099922978398887
2020-04-07,0.0,-0.0016030454108602044,-0.0016030454108602044,-0.07248846020536925
2020-04-08,0.0,0.03405642604938697,0.03405642604938697,-0.040900732040400345
2020-04-09,0.0,0.01448737809002254,0.01448737809002254,-0.02700589831960576
2020-04-13,0.0,-0.010104594561656355,-0.010104594561656355,-0.03683760922796919
2020-04-14,0.0,0.030572524197665762,0.030572524197665762,-0.007391303729809673
2020-04-15,0.0,-0.022030456139364496,-0.022030456139364496,-0.029258926076541902
2020-04-16,0.0,0.005816710738100639,0.005816710738100639,-0.02361240604793602
2020-04-17,0.0,0.026793591827257934,0.026793591827257934,0.002548524609613967
2020-04-20,0.0,-0.017880997439608137,-0.017880997439608137,-0.015378042992013508
2020-04-21,0.0,-0.030674846625766805,-0.030674846625766805,-0.0455811705075958
2020-04-22,0.0,0.02293024819481393,0.02293024819481393,-0.023696109865531167
2020-04-23,0.0,-0.000539418642451106,-0.000539418642451106,-0.02422274638456723
2020-04-24,0.0,0.01391807849024218,0.01391807849024218,-0.010641801979754728
2020-04-27,0.0,0.014714073196697708,0.014714073196697708,0.003915686963668064
2020-04-28,0.0,-0.005242350129234907,-0.005242350129234907,-0.001347190567626888
2020-04-29,0.0,0.026583874358714787,0.026583874358714787,0.02520087024630091
2020-04-30,0.0,-0.009212419757034462,-0.009212419757034462,0.015756289494315068
2020-05-01,0.0,-0.028059043479156554,-0.028059043479156554,-0.012744860396832647
2020-05-04,0.0,0.004249817183674676,0.004249817183674676,-0.008549206539876009
2020-05-05,0.0,0.009040573531170715,0.009040573531170715,0.0004140772609377841
2020-05-06,0.0,-0.006979403438802989,-0.006979403438802989,-0.006568216190124154
2020-05-07,0.0,0.011504623615899323,0.011504623615899323,0.00486084257067998
2020-05-08,0.0,0.016871501011734846,0.016871501011734846,0.021814353292763933
2020-05-11,0.0,0.0001774865178509888,0.0001774865178509888,0.021995711564219977
2020-05-12,0.0,-0.02054383139042848,-0.02054383139042848,0.0010000039841036035
2020-05-13,0.0,-0.017462684487059787,-0.017462684487059787,-0.01648014325701641
2020-05-14,0.0,0.01152482269503552,0.01152482269503552,-0.005145251291006736
2020-05-15,0.0,0.003926380368098004,0.003926380368098004,-0.0012390731365666818
2020-05-18,0.0,0.03150120473513285,0.03150120473513285,0.030223099302009393
2020-05-19,0.0,-0.010484408800538914,-0.010484408800538914,0.019421819173168986
2020-05-20,0.0,0.01665104312780974,0.01665104312780974,0.03639625584965178
2020-05-21,0.0,-0.007773563825670182,-0.007773563825670182,0.02833976340611888
2020-05-22,0.0,0.002353731206609311,0.002353731206609311,0.030760198798245098
2020-05-26,0.0,0.012289160703107926,0.012289160703107926,0.04342737652764428
2020-05-27,-1.0,0.014827343010993532,0.0,0.04342737652764428
2020-05-28,0.0,-0.0021079466294262605,-0.0,0.04342737652764428
2020-05-29,0.0,0.004812310007822562,0.0,0.04342737652764428
2020-06-01,0.0,0.0037512605483673855,0.0,0.04342737652764428
2020-06-02,0.0,0.00821080396500995,0.0,0.04342737652764428
2020-06-03,0.0,0.013648963587616247,0.0,0.04342737652764428
2020-06-04,0.0,-0.0033686961032639573,-0.0,0.04342737652764428
2020-06-05,0.0,0.02621170498176606,0.0,0.04342737652764428
2020-06-08,0.0,0.012041591393674889,0.0,0.04342737652764428
2020-06-09,0.0,-0.007799182648133396,-0.0,0.04342737652764428
2020-06-10,0.0,-0.0053130787794885,-0.0,0.04342737652764428
2020-06-11,0.0,-0.058944121574601716,-0.0,0.04342737652764428
2020-06-12,0.0,0.013060857399820103,0.0,0.04342737652764428
2020-06-15,0.0,0.008312207568449193,0.0,0.04342737652764428
2020-06-16,0.0,0.018962430582503575,0.0,0.04342737652764428
2020-06-17,0.0,-0.0036002995449221364,-0.0,0.04342737652764428
2020-06-18,0.0,0.000594188515139038,0.0,0.04342737652764428
2020-06-19,0.0,-0.005649463621948292,-0.0,0.04342737652764428
2020-06-22,0.0,0.006495057687217143,0.0,0.04342737652764428
2020-06-23,0.0,0.004307441642665166,0.0,0.04342737652764428
2020-06-24,0.0,-0.025855158736495243,-0.0,0.04342737652764428
2020-06-25,0.0,0.01095946995898811,0.0,0.04342737652764428
2020-06-26,0.0,-0.024226917788673585,-0.0,0.04342737652764428
2020-06-29,0.0,0.01468569814393228,0.0,0.04342737652764428
2020-06-30,0.0,0.015409859690034278,0.0,0.04342737652764428
2020-07-01,0.0,0.005022110834792981,0.0,0.04342737652764428
2020-07-02,0.0,0.004541282342595654,0.0,0.04342737652764428
2020-07-06,0.0,0.0158817383970018,0.0,0.04342737652764428
2020-07-07,0.0,-0.010818562640735552,-0.0,0.04342737652764428
2020-07-08,0.0,0.007827502448081614,0.0,0.04342737652764428
2020-07-09,0.0,-0.005643639942711776,-0.0,0.04342737652764428
2020-07-10,0.0,0.01046620453355751,0.0,0.04342737652764428
2020-07-13,0.0,-0.009362519779971379,-0.0,0.04342737652764428
2020-07-14,0.0,0.013406355182839835,0.0,0.04342737652764428
2020-07-15,0.0,0.00908203857989931,0.0,0.04342737652764428
2020-07-16,0.0,-0.0034061043340275488,-0.0,0.04342737652764428
2020-07-17,0.0,0.00284863958800452,0.0,0.04342737652764428
2020-07-20,0.0,0.008406905384326757,0.0,0.04342737652764428
2020-07-21,0.0,0.0016790493997245193,0.0,0.04342737652764428
2020-07-22,0.0,0.005747091149111094,0.0,0.04342737652764428
2020-07-23,0.0,-0.012319827107282633,-0.0,0.04342737652764428
2020-07-24,0.0,-0.0061903908321639944,-0.0,0.04342737652764428
2020-07-27,0.0,0.007395129414764723,0.0,0.04342737652764428
2020-07-28,0.0,-0.006473401020556158,-0.0,0.04342737652764428
2020-07-29,0.0,0.012428381451883519,0.0,0.04342737652764428
2020-07-30,0.0,-0.0037502608610255894,-0.0,0.04342737652764428
2020-07-31,0.0,0.007670459796317086,0.0,0.04342737652764428
2020-08-03,0.0,0.007181026681992719,0.0,0.04342737652764428
2020-08-04,0.0,0.0036119601409574376,0.0,0.04342737652764428
2020-08-05,0.0,0.0064297401187354275,0.0,0.04342737652764428
2020-08-06,0.0,0.006427727877827971,0.0,0.04342737652764428
2020-08-07,0.0,0.0006329945419150107,0.0,0.04342737652764428
2020-08-10,0.0,0.0027422358024395965,0.0,0.04342737652764428
2020-08-11,0.0,-0.007969123366671882,-0.0,0.04342737652764428
2020-08-12,0.0,0.013996502374245878,0.0,0.04342737652764428
2020-08-13,0.0,-0.0020471252976762555,-0.0,0.04342737652764428
2020-08-14,0.0,-0.00017193183199293305,-0.0,0.04342737652764428
2020-08-17,0.0,0.0027098744385312123,0.0,0.04342737652764428
2020-08-18,0.0,0.0023033775972136628,0.0,0.04342737652764428
2020-08-19,0.0,-0.004404415625792857,-0.0,0.04342737652764428
2020-08-20,0.0,0.0031586589033587575,0.0,0.04342737652764428
2020-08-21,0.0,0.0034411358997610275,0.0,0.04342737652764428
2020-08-24,0.0,0.01004368354743379,0.0,0.04342737652764428
2020-08-25,0.0,0.003596325569466652,0.0,0.04342737652764428
2020-08-26,0.0,0.010195666188487662,0.0,0.04342737652764428
2020-08-27,0.0,0.0016730243508407128,0.0,0.04342737652764428
2020-08-28,0.0,0.006732576659826961,0.0,0.04342737652764428
2020-08-31,0.0,-0.0021949766391772263,-0.0,0.04342737652764428
2020-09-01,0.0,0.00752504778148233,0.0,0.04342737652764428
2020-09-02,0.0,0.015365857116526938,0.0,0.04342737652764428
2020-09-03,0.0,-0.03512583639592948,-0.0,0.04342737652764428
2020-09-04,0.0,-0.008132999137496877,-0.0,0.04342737652764428
2020-09-08,0.0,-0.027756378831384043,-0.0,0.04342737652764428
2020-09-09,0.0,0.020145024971186976,0.0,0.04342737652764428
2020-09-10,0.0,-0.017584790641843373,-0.0,0.04342737652764428
2020-09-11,0.0,0.0005330634075928486,0.0,0.04342737652764428
2020-09-14,0.0,0.01274180851668838,0.0,0.04342737652764428
2020-09-15,0.0,0.005219385613883576,0.0,0.04342737652764428
2020-09-16,0.0,-0.004618958014818264,-0.0,0.04342737652764428
2020-09-17,0.0,-0.00841237162124231,-0.0,0.04342737652764428
2020-09-18,0.0,-0.01118257020384228,-0.0,0.04342737652764428
2020-09-21,0.0,-0.011571124305988612,-0.0,0.04342737652764428
2020-09-22,0.0,0.010517942372282096,0.0,0.04342737652764428
2020-09-23,1.0,-0.02372141140135786,-0.02372141140135786,0.018675806461592392
2020-09-24,0.0,0.002987407782707008,0.002987407782707008,0.02171900649387104
2020-09-25,0.0,0.015976763311659203,0.015976763311659203,0.03804276923164718
2020-09-28,0.0,0.016110548559024496,0.016110548559024496,0.05476620767169793
2020-09-29,0.0,-0.004812626805108078,-0.004812626805108078,0.04969001154753494
2020-09-30,0.0,0.008253709372292528,0.008253709372292528,0.058353847833846784
2020-10-01,0.0,0.005292893250074426,0.005292893250074426,0.06395560177123683
2020-10-02,0.0,-0.009571699006152401,-0.009571699006152401,0.053771738995172846
2020-10-05,0.0,0.01797553487594228,0.01797553487594228,0.07271384964076288
2020-10-06,0.0,-0.013988024514247743,-0.013988024514247743,0.05770870201521472
2020-10-07,0.0,0.01740579300495404,0.01740579300495404,0.07611896074203006
2020-10-08,0.0,0.008007135650470065,0.008007135650470065,0.08473559123673446
2020-10-09,0.0,0.008790685934612519,0.008790685934612519,0.09427116114139289
2020-10-12,0.0,0.016418713134107588,0.016418713134107588,0.11223768542710033
2020-10-13,0.0,-0.006306907889152336,-0.006306907889152336,0.10522290479426766
2020-10-14,0.0,-0.006623138843883547,-0.006623138843883547,0.09790286004237503
2020-10-15,0.0,-0.0015278028589691406,-0.0015278028589691406,0.0962254809139318
2020-10-16,0.0,0.00013492797142955482,0.00013492797142955482,0.09637339239430087
2020-10-19,0.0,-0.016329822808936134,-0.016329822808936134,0.07846980916406965
2020-10-20,0.0,0.0047272769717412455,0.0047272769717412455,0.08356803465764906
2020-10-21,0.0,-0.002195682985199454,-0.002195682985199454,0.08118886276064519
2020-10-22,0.0,0.005218945382994278,0.005218945382994278,0.08683152838409458
2020-10-23,0.0,0.0034457896215134287,0.0034457896215134287,0.09057652118493409
2020-10-26,0.0,-0.01858953826264864,-0.01858953826264864,0.07030320721602057
2020-10-27,0.0,-0.0030256074002417144,-0.0030256074002417144,0.0670648899117654
2020-10-28,0.0,-0.03528790685054317,-0.03528790685054317,0.029410403473074
2020-10-29,0.0,0.011947307117329942,0.011947307117329942,0.04170908571314125
2020-10-30,0.0,-0.012129506270184387,-0.012129506270184387,0.0290736688262756
2020-11-02,0.0,0.01231819349472163,0.01231819349472163,0.04174999739920082
2020-11-03,0.0,0.017799313644932147,0.017799313644932147,0.06029243234251647
2020-11-04,0.0,0.022047038430944355,0.022047038430944355,0.08366874034641136
2020-11-05,0.0,0.019460190971818836,0.019460190971818836,0.10475714098374289
2020-11-06,0.0,-0.00028771240154390476,-0.00028771240154390476,0.10443928865358765
2020-11-09,0.0,0.011699872344305584,0.011699872344305584,0.11736108734287032
2020-11-10,0.0,-0.001399802844669673,-0.001399802844669673,0.11579700211428468
2020-11-11,0.0,0.007651888434169196,0.007651888434169196,0.12433495628964364
2020-11-12,0.0,-0.009978559392721298,-0.009978559392721298,0.11311571315099478
2020-11-13,0.0,0.013610365817456005,0.013610365817456005,0.1282656252041383
2020-11-16,0.0,0.011648048198820149,0.011648048198820149,0.14140771758758808
2020-11-17,0.0,-0.004791957892531062,-0.004791957892531062,0.13593813986669834
2020-11-18,0.0,-0.01156383241031389,-0.01156383241031389,0.12280234158879622
2020-11-19,0.0,0.003946420613320845,0.003946420613320845,0.12723339189432714
2020-11-20,0.0,-0.0067925413261787915,-0.0067925413261787915,0.11957661249563634
2020-11-23,0.0,0.00563591695385024,0.00563591695385024,0.12588645330713466
2020-11-24,0.0,0.016161717804443754,0.016161717804443754,0.14408271244533055
2020-11-25,0.0,-0.0015844155129681736,-0.0015844155129681736,0.14227001004761353
2020-11-27,0.0,0.0023969253233782073,0.0023969253233782073,0.14500794596083222
2020-11-30,0.0,-0.0045954897137437944,-0.0045954897137437944,0.13974607372301429
2020-12-01,0.0,0.011271167954760575,0.011271167954760575,0.15259234314572523
2020-12-02,0.0,0.0017911507324332998,0.0017911507324332998,0.1546568097653478
2020-12-03,0.0,-0.0006241465681479097,-0.0006241465681479097,0.15393613468014422
2020-12-04,0.0,0.008836235109307422,0.008836235109307422,0.1641325856673035
2020-12-07,0.0,-0.0019355954929820562,-0.0019355954929820562,0.16187929588125227
2020-12-08,0.0,0.002787137455443789,0.002787137455443789,0.16511761318550766
2020-12-09,0.0,-0.007949220068876994,-0.007949220068876994,0.15585583687217142
2020-12-10,0.0,-0.0012851160688518437,-0.0012851160688518437,0.15437042796293077
2020-12-11,0.0,-0.001264960061067022,-0.001264960061067022,0.15291019547588092
2020-12-14,0.0,-0.004359266922526861,-0.004359266922526861,0.14788435219609886
2020-12-15,0.0,0.012921214314501217,0.012921214314501217,0.16271641191908714
2020-12-16,0.0,0.0017728480872187813,0.0017728480872187813,0.16477773148593577
2020-12-17,0.0,0.005757638800703457,0.005757638800703457,0.17148410094693456
2020-12-18,0.0,-0.0035111001267972286,-0.0035111001267972286,0.16737090297155888
2020-12-21,0.0,-0.003906281591951277,-0.003906281591951277,0.16281082350230158
2020-12-22,0.0,-0.0020731166033364223,-0.0020731166033364223,0.1604001810775597
2020-12-23,0.0,0.0007458112528002658,0.0007458112528002658,0.16126562059035887
2020-12-24,0.0,0.0035365757816374632,0.0035365757816374632,0.1653725244601869
2020-12-28,0.0,0.008722515973276224,0.008722515973276224,0.17553750491960818
2020-12-29,0.0,-0.0022273622890431888,-0.0022273622890431888,0.17291915701179428
2020-12-30,0.0,0.0013415471795312772,0.0013415471795312772,0.17449268339870172
2020-12-31,0.0,0.00643883774021714,0.00643883774021714,0.1820550512141781
2021-01-04,0.0,-0.01475478359029514,-0.01475478359029514,0.1646140847416977
2021-01-05,0.0,0.007082539553862066,0.007082539553862066,0.1728625100618657
2021-01-06,0.0,0.005709900559720538,0.005709900559720538,0.17955943836454313
2021-01-07,-1.0,0.01484736429268918,0.0,0.17955943836454313
2021-01-08,0.0,0.005491890982414871,0.0,0.17955943836454313
2021-01-11,0.0,-0.006554796741165214,-0.0,0.17955943836454313
2021-01-12,0.0,0.0004158321511944507,0.0,0.17955943836454313
2021-01-13,0.0,0.0022756031663768717,0.0,0.17955943836454313
2021-01-14,0.0,-0.003753438464607517,-0.0,0.17955943836454313
2021-01-15,0.0,-0.00719001775768402,-0.0,0.17955943836454313
2021-01-19,0.0,0.008136402839514334,0.0,0.17955943836454313
2021-01-20,0.0,0.013935576257400273,0.0,0.17955943836454313
2021-01-21,0.0,0.0003167309215053038,0.0,0.17955943836454313
2021-01-22,0.0,-0.0030105863636010755,-0.0,0.17955943836454313
2021-01-25,0.0,0.003615803325289546,0.0,0.17955943836454313
2021-01-26,0.0,-0.0014888363213811928,-0.0,0.17955943836454313
2021-01-27,0.0,-0.025677859113367063,-0.0,0.17955943836454313
2021-01-28,0.0,0.009760662477304782,0.0,0.17955943836454313
2021-01-29,0.0,-0.019311502938707092,-0.0,0.17955943836454313
2021-02-01,0.0,0.01605173602136656,0.0,0.17955943836454313
2021-02-02,0.0,0.013898236818535858,0.0,0.17955943836454313
2021-02-03,0.0,0.001008804827627774,0.0,0.17955943836454313
2021-02-04,0.0,0.01085330416143404,0.0,0.17955943836454313
2021-02-05,0.0,0.003897472454245321,0.0,0.17955943836454313
2021-02-08,0.0,0.007399345996609075,0.0,0.17955943836454313
2021-02-09,0.0,-0.0011134975827398197,-0.0,0.17955943836454313
2021-02-10,0.0,-0.0003451599624669788,-0.0,0.17955943836454313
2021-02-11,0.0,0.0016624551137118804,0.0,0.17955943836454313
2021-02-12,0.0,0.004710983101741784,0.0,0.17955943836454313
2021-02-16,0.0,-0.0005692749114954987,-0.0,0.17955943836454313
2021-02-17,0.0,-0.0003203995331321208,-0.0,0.17955943836454313
2021-02-18,0.0,-0.004415808390544673,-0.0,0.17955943836454313
2021-02-19,0.0,-0.0018548941356217874,-0.0,0.17955943836454313
2021-02-22,0.0,-0.007732849379657014,-0.0,0.17955943836454313
2021-02-23,0.0,0.0012562878885591378,0.0,0.17955943836454313
2021-02-24,0.0,0.01135166191319037,0.0,0.17955943836454313
2021-02-25,0.0,-0.024478846903396523,-0.0,0.17955943836454313
2021-02-26,0.0,-0.004750165824920272,-0.0,0.17955943836454313
2021-03-01,0.0,0.023790719336683086,0.0,0.17955943836454313
2021-03-02,0.0,-0.008080844323930969,-0.0,0.17955943836454313
2021-03-03,0.0,-0.01306620434127681,-0.0,0.17955943836454313
2021-03-04,0.0,-0.013417213827191521,-0.0,0.17955943836454313
2021-03-05,0.0,0.019495975820425837,0.0,0.17955943836454313
2021-03-08,0.0,-0.005359271617984662,-0.0,0.17955943836454313
2021-03-09,0.0,0.014154683554241432,0.0,0.17955943836454313
2021-03-10,0.0,0.006030283013025661,0.0,0.17955943836454313
2021-03-11,0.0,0.010395479646353678,0.0,0.17955943836454313
2021-03-12,0.0,0.0010153985185334946,0.0,0.17955943836454313
2021-03-15,0.0,0.006491958593476621,0.0,0.17955943836454313
2021-03-16,0.0,-0.0015696886322292825,-0.0,0.17955943836454313
2021-03-17,0.0,0.0028793426720601367,0.0,0.17955943836454313
2021-03-18,0.0,-0.014760500437832724,-0.0,0.17955943836454313
2021-03-19,0.0,-0.0006027388863633076,-0.0,0.17955943836454313
2021-03-22,0.0,0.0070251207482558975,0.0,0.17955943836454313
2021-03-23,0.0,-0.0076308370066411335,-0.0,0.17955943836454313
2021-03-24,0.0,-0.005467303581109473,-0.0,0.17955943836454313
2021-03-25,0.0,0.00524023305923671,0.0,0.17955943836454313
2021-03-26,0.0,0.016631197691788335,0.0,0.17955943836454313
2021-03-29,0.0,-0.0008680249789911887,-0.0,0.17955943836454313
2021-03-30,0.0,-0.003157823166939022,-0.0,0.17955943836454313
2021-03-31,0.0,0.003622538555784205,0.0,0.17955943836454313
2021-04-01,0.0,0.011825144919693331,0.0,0.17955943836454313
2021-04-05,0.0,0.014438277854756487,0.0,0.17955943836454313
2021-04-06,0.0,-0.0009735379152555623,-0.0,0.17955943836454313
2021-04-07,0.0,0.0014752303666720756,0.0,0.17955943836454313
2021-04-08,0.0,0.004220639958823158,0.0,0.17955943836454313
2021-04-09,0.0,0.007719962803593772,0.0,0.17955943836454313
2021-04-12,0.0,-0.000196182910288778,-0.0,0.17955943836454313
2021-04-13,0.0,0.00329458162447116,0.0,0.17955943836454313
2021-04-14,0.0,-0.0040878020277237415,-0.0,0.17955943836454313
2021-04-15,0.0,0.011094247768300924,0.0,0.17955943836454313
2021-04-16,0.0,0.0036087492386858155,0.0,0.17955943836454313
2021-04-19,0.0,-0.005306453038726788,-0.0,0.17955943836454313
2021-04-20,0.0,-0.006802361610853236,-0.0,0.17955943836454313
2021-04-21,0.0,0.009306060063749566,0.0,0.17955943836454313
2021-04-22,0.0,-0.009210671343885979,-0.0,0.17955943836454313
2021-04-23,0.0,0.010928710658818286,0.0,0.17955943836454313
2021-04-26,0.0,0.001782224167916624,0.0,0.17955943836454313
2021-04-27,0.0,-0.0002149192142553158,-0.0,0.17955943836454313
2021-04-28,0.0,-0.0008455306301830001,-0.0,0.17955943836454313
2021-04-29,0.0,0.006762797680233579,0.0,0.17955943836454313
2021-04-30,0.0,-0.007194637501869883,-0.0,0.17955943836454313
2021-05-03,0.0,0.0027480346410215795,0.0,0.17955943836454313
2021-05-04,0.0,-0.006678337857112138,-0.0,0.17955943836454313
2021-05-05,0.0,0.0007035388242977447,0.0,0.17955943836454313
2021-05-06,0.0,0.008165390549454088,0.0,0.17955943836454313
2021-05-07,0.0,0.007373346471123199,0.0,0.17955943836454313
2021-05-10,0.0,-0.010435666020885526,-0.0,0.17955943836454313
2021-05-11,0.0,-0.008673894514173552,-0.0,0.17955943836454313
2021-05-12,0.0,-0.021449387057151936,-0.0,0.17955943836454313
2021-05-13,0.0,0.012173151138064053,0.0,0.17955943836454313
2021-05-14,0.0,0.014917933130699224,0.0,0.17955943836454313
2021-05-17,0.0,-0.0025300382141189015,-0.0,0.17955943836454313
2021-05-18,0.0,-0.008517302421882755,-0.0,0.17955943836454313
2021-05-19,0.0,-0.0029434351705374118,-0.0,0.17955943836454313
2021-05-20,0.0,0.010554756443649449,0.0,0.17955943836454313
2021-05-21,0.0,-0.0007838196541576359,-0.0,0.17955943836454313
2021-05-24,0.0,0.009911305963146155,0.0,0.17955943836454313
2021-05-25,0.0,-0.002125302295660103,-0.0,0.17955943836454313
2021-05-26,0.0,0.001876732575158746,0.0,0.17955943836454313
2021-05-27,0.0,0.0011653983922745859,0.0,0.17955943836454313
2021-05-28,0.0,0.0007688865190149663,0.0,0.17955943836454313
2021-06-01,0.0,-0.0004923753184382651,-0.0,0.17955943836454313
2021-06-02,0.0,0.0014469162597214869,0.0,0.17955943836454313
2021-06-03,0.0,-0.003628698801364849,-0.0,0.17955943836454313
2021-06-04,0.0,0.00883408659980689,0.0,0.17955943836454313
2021-06-07,0.0,-0.0007967110255822085,-0.0,0.17955943836454313
2021-06-08,0.0,0.00017508493985585183,0.0,0.17955943836454313
2021-06-09,0.0,-0.0018238764589828538,-0.0,0.17955943836454313
2021-06-10,0.0,0.004652154850635748,0.0,0.17955943836454313
2021-06-11,0.0,0.0019484900381676606,0.0,0.17955943836454313
2021-06-14,0.0,0.0018152110447704484,0.0,0.17955943836454313
2021-06-15,0.0,-0.0020116799642784233,-0.0,0.17955943836454313
2021-06-16,0.0,-0.005390207201542929,-0.0,0.17955943836454313
2021-06-17,0.0,-0.0004356370007340127,-0.0,0.17955943836454313
2021-06-18,0.0,-0.013124547000611053,-0.0,0.17955943836454313
2021-06-21,0.0,0.01400232812106239,0.0,0.17955943836454313
2021-06-22,0.0,0.005124515064653945,0.0,0.17955943836454313
2021-06-23,0.0,-0.0010832603310065858,-0.0,0.17955943836454313
2021-06-24,0.0,0.005811157422250579,0.0,0.17955943836454313
2021-06-25,0.0,0.003330606657931945,0.0,0.17955943836454313
2021-06-28,0.0,0.0023150419323942906,0.0,0.17955943836454313
2021-06-29,0.0,0.00027734984069871516,0.0,0.17955943836454313
2021-06-30,0.0,0.001328114078009257,0.0,0.17955943836454313
2021-07-01,0.0,0.005221640488656032,0.0,0.17955943836454313
2021-07-02,0.0,0.0075001041681135305,0.0,0.17955943836454313
2021-07-06,0.0,-0.002021900862524517,-0.0,0.17955943836454313
2021-07-07,0.0,0.003359011313352811,0.0,0.17955943836454313
2021-07-08,0.0,-0.00856101125941644,-0.0,0.17955943836454313
2021-07-09,0.0,0.01127795187024705,0.0,0.17955943836454313
2021-07-12,0.0,0.0034511562975592103,0.0,0.17955943836454313
2021-07-13,0.0,-0.003516830382495284,-0.0,0.17955943836454313
2021-07-14,0.0,0.0011649703264435818,0.0,0.17955943836454313
2021-07-15,0.0,-0.0032622362435132946,-0.0,0.17955943836454313
2021-07-16,0.0,-0.007538938952254881,-0.0,0.17955943836454313
2021-07-19,0.0,-0.015837177271004532,-0.0,0.17955943836454313
2021-07-20,0.0,0.015164501259794738,0.0,0.17955943836454313
2021-07-21,0.0,0.008206864806474812,0.0,0.17955943836454313
2021-07-22,0.0,0.0020166609692362503,0.0,0.17955943836454313
2021-07-23,0.0,0.010147728209402462,0.0,0.17955943836454313
2021-07-26,0.0,0.00236411442041784,0.0,0.17955943836454313
2021-07-27,0.0,-0.004696725407769331,-0.0,0.17955943836454313
2021-07-28,0.0,-0.00018402984464249705,-0.0,0.17955943836454313
2021-07-29,0.0,0.004203924420256078,0.0,0.17955943836454313
2021-07-30,0.0,-0.005406016994218166,-0.0,0.17955943836454313
2021-08-02,0.0,-0.001854270282076742,-0.0,0.17955943836454313
2021-08-03,0.0,0.008214975234265731,0.0,0.17955943836454313
2021-08-04,0.0,-0.004627923538654377,-0.0,0.17955943836454313
2021-08-05,0.0,0.0060008903667765345,0.0,0.17955943836454313
2021-08-06,0.0,0.0016752839177258672,0.0,0.17955943836454313
2021-08-09,0.0,-0.000939925887858073,-0.0,0.17955943836454313
2021-08-10,0.0,0.000992701388653705,0.0,0.17955943836454313
2021-08-11,0.0,0.0024680227644109376,0.0,0.17955943836454313
2021-08-12,0.0,0.0029543359489174748,0.0,0.17955943836454313
2021-08-13,0.0,0.0016050788640704639,0.0,0.17955943836454313
2021-08-16,0.0,0.002609668755595207,0.0,0.17955943836454313
2021-08-17,0.0,-0.00704964216034254,-0.0,0.17955943836454313
2021-08-18,0.0,-0.010748457761550978,-0.0,0.17955943836454313
2021-08-19,0.0,0.0012567410636163956,0.0,0.17955943836454313
2021-08-20,0.0,0.008141540696354754,0.0,0.17955943836454313
2021-08-23,0.0,0.008526072400696139,0.0,0.17955943836454313
2021-08-24,0.0,0.0014934569174511747,0.0,0.17955943836454313
2021-08-25,0.0,0.0022201269217136943,0.0,0.17955943836454313
2021-08-26,0.0,-0.005844948723252252,-0.0,0.17955943836454313
2021-08-27,0.0,0.008827918235490229,0.0,0.17955943836454313
2021-08-30,0.0,0.00430658828173347,0.0,0.17955943836454313
2021-08-31,0.0,-0.001349146239944865,-0.0,0.17955943836454313
2021-09-01,0.0,0.0003117620525883158,0.0,0.17955943836454313
2021-09-02,0.0,0.0028425606033477546,0.0,0.17955943836454313
2021-09-03,0.0,-0.000335026835208585,-0.0,0.17955943836454313
2021-09-07,0.0,-0.003395488410139813,-0.0,0.17955943836454313
2021-09-08,0.0,-0.0013185753191903293,-0.0,0.17955943836454313
2021-09-09,0.0,-0.004605599824548556,-0.0,0.17955943836454313
2021-09-10,0.0,-0.0077226435922087555,-0.0,0.17955943836454313
2021-09-13,0.0,0.0022765095613401787,0.0,0.17955943836454313
2021-09-14,0.0,-0.00574659914561837,-0.0,0.17955943836454313
2021-09-15,0.0,0.008473908688851006,0.0,0.17955943836454313
2021-09-16,0.0,-0.001548865132680044,-0.0,0.17955943836454313
2021-09-17,0.0,-0.009113139730338782,-0.0,0.17955943836454313
2021-09-20,1.0,-0.016977254629493954,-0.016977254629493954,0.15953375742880538
2021-09-21,0.0,-0.0008146443216994204,-0.0008146443216994204,0.15858914983749717
2021-09-22,0.0,0.009521884717673679,0.009521884717673679,0.16962110215739745
2021-09-23,0.0,0.012134751708511082,0.012134751708511082,0.1838141638251125
2021-09-24,0.0,0.0014610090402744635,0.0014610090402744635,0.18554372702046584
2021-09-27,0.0,-0.0027763563072890074,-0.0027763563072890074,0.18225223521638556
2021-09-28,0.0,-0.020364114325326033,-0.020364114325326033,0.1581767155370668
2021-09-29,0.0,0.001569166228234442,0.001569166228234442,0.1599940873254151
2021-09-30,0.0,-0.011909731939276913,-0.011909731939276913,0.14617886869422314
2021-10-01,0.0,0.011493799245044789,0.011493799245044789,0.15935281850990712
2021-10-04,0.0,-0.012988145649005634,-0.012988145649005634,0.1442949752445153
2021-10-05,0.0,0.010524455523362564,0.010524455523362564,0.15633805681708335
2021-10-06,0.0,0.004102887438675262,0.004102887438675262,0.16108238170526024
2021-10-07,0.0,0.00829828923697451,0.00829828923697451,0.17071737913660567
2021-10-08,0.0,-0.0019091950470027097,-0.0019091950470027097,0.168482251314918
2021-10-11,0.0,-0.0068703089703417985,-0.0068703089703417985,0.16045441722202392
2021-10-12,0.0,-0.0024190645213805206,-0.0024190645213805206,0.1576472031126428
2021-10-13,0.0,0.003024842322049137,0.003024842322049137,0.1611489033666198
2021-10-14,0.0,0.017056235391172736,0.017056235391172736,0.18095373238664303
2021-10-15,0.0,0.007466940649763609,0.007466940649763609,0.18977184381649082
2021-10-18,0.0,0.0033792774921332924,0.0033792774921332924,0.1937924130290738
2021-10-19,0.0,0.007388866104384828,0.007388866104384828,0.2026131853253761
2021-10-20,0.0,0.0036640167447334893,0.0036640167447334893,0.20701958017384547
2021-10-21,-1.0,0.002995906256131331,0.0,0.20701958017384547
2021-10-22,0.0,-0.0010725793335062406,-0.0,0.20701958017384547
2021-10-25,0.0,0.004748179277871856,0.0,0.20701958017384547
2021-10-26,0.0,0.0018197824144636776,0.0,0.20701958017384547
2021-10-27,0.0,-0.005051597996847845,-0.0,0.20701958017384547
2021-10-28,0.0,0.009829337739032606,0.0,0.20701958017384547
2021-10-29,0.0,0.0019493431844783693,0.0,0.20701958017384547
2021-11-01,0.0,0.0018000686154020507,0.0,0.20701958017384547
2021-11-02,0.0,0.0036803672564356127,0.0,0.20701958017384547
2021-11-03,0.0,0.00646129593037692,0.0,0.20701958017384547
2021-11-04,0.0,0.004181891914508462,0.0,0.20701958017384547
2021-11-05,0.0,0.0037328581257503046,0.0,0.20701958017384547
2021-11-08,0.0,0.0008877005575269603,0.0,0.20701958017384547
2021-11-09,0.0,-0.0034987345002870374,-0.0,0.20701958017384547
2021-11-10,0.0,-0.008225815057894437,-0.0,0.20701958017384547
2021-11-11,0.0,0.0005509274303756584,0.0,0.20701958017384547
2021-11-12,0.0,0.007222639253044116,0.0,0.20701958017384547
2021-11-15,0.0,-8.541806805650864e-06,-0.0,0.20701958017384547
2021-11-16,0.0,0.003863065125426557,0.0,0.20701958017384547
2021-11-17,0.0,-0.0026016294752068125,-0.0,0.20701958017384547
2021-11-18,0.0,0.0038326433722144504,0.0,0.20701958017384547
2021-11-19,0.0,-0.001844203083303686,-0.0,0.20701958017384547
2021-11-22,0.0,-0.003195003788878603,-0.0,0.20701958017384547
2021-11-23,0.0,0.0016549397281628853,0.0,0.20701958017384547
2021-11-24,0.0,0.002293900697124096,0.0,0.20701958017384547
2021-11-26,0.0,-0.02272485568312821,-0.0,0.20701958017384547
2021-11-29,0.0,0.013200221128189193,0.0,0.20701958017384547
2021-11-30,0.0,-0.01896130621854386,-0.0,0.20701958017384547
2021-12-01,0.0,-0.011815195971097037,-0.0,0.20701958017384547
2021-12-02,0.0,0.014194423271231882,0.0,0.20701958017384547
2021-12-03,0.0,-0.00844858097922263,-0.0,0.20701958017384547
2021-12-06,0.0,0.011730928977641941,0.0,0.20701958017384547
2021-12-07,0.0,0.020707063007576743,0.0,0.20701958017384547
2021-12-08,0.0,0.0030852936469836223,0.0,0.20701958017384547
2021-12-09,0.0,-0.007181129964413446,-0.0,0.20701958017384547
2021-12-10,0.0,0.00954911139915815,0.0,0.20701958017384547
2021-12-13,0.0,-0.009098008921863854,-0.0,0.20701958017384547
2021-12-14,0.0,-0.007508861355921215,-0.0,0.20701958017384547
2021-12-15,0.0,0.0163462513675825,0.0,0.20701958017384547
2021-12-16,0.0,-0.008741273588911747,-0.0,0.20701958017384547
2021-12-17,0.0,-0.010287726483131143,-0.0,0.20701958017384547
2021-12-20,0.0,-0.011388032826621375,-0.0,0.20701958017384547
2021-12-21,0.0,0.017777943178882483,0.0,0.20701958017384547
2021-12-22,0.0,0.010180180373954517,0.0,0.20701958017384547
2021-12-23,0.0,0.006221574939955898,0.0,0.20701958017384547
2021-12-27,0.0,0.01384110136316119,0.0,0.20701958017384547
2021-12-28,0.0,-0.0010081002840630626,-0.0,0.20701958017384547
2021-12-29,0.0,0.001399811129961126,0.0,0.20701958017384547
2021-12-30,0.0,-0.002989739331450192,-0.0,0.20701958017384547
2021-12-31,0.0,-0.0026262207741385435,-0.0,0.20701958017384547
2022-01-03,0.0,0.00637407735335227,0.0,0.20701958017384547
2022-01-04,0.0,-0.000629617892823231,-0.0,0.20701958017384547
2022-01-05,0.0,-0.01939276609770646,-0.0,0.20701958017384547
2022-01-06,0.0,-0.0009637108612128298,-0.0,0.20701958017384547
2022-01-07,0.0,-0.0040523418617773865,-0.0,0.20701958017384547
2022-01-10,0.0,-0.0014389504428033995,-0.0,0.20701958017384547
2022-01-11,0.0,0.009160030747555226,0.0,0.20701958017384547
2022-01-12,0.0,0.002817696321081753,0.0,0.20701958017384547
2022-01-13,0.0,-0.0142456652596612,-0.0,0.20701958017384547
2022-01-14,0.0,0.0008220612918596881,0.0,0.20701958017384547
2022-01-18,0.0,-0.01833856975883852,-0.0,0.20701958017384547
2022-01-19,1.0,-0.009739280892395952,-0.009739280892395952,0.1952640774399106
2022-01-20,0.0,-0.01103742532143781,-0.01103742532143781,0.1820714394457703
2022-01-21,0.0,-0.01891704385497217,-0.01891704385497217,0.1597101421860645
2022-01-24,0.0,0.0027740323288456548,0.0027740323288456548,0.16292721561257872
2022-01-25,0.0,-0.012171976789799865,-0.012171976789799865,0.14877209253591572
2022-01-26,0.0,-0.0014966314315554285,-0.0014966314315554285,0.1470528041145327
2022-01-27,0.0,-0.005386293572540279,-0.005386293572540279,0.1408744409683662
2022-01-28,0.0,0.02434993643822958,0.02434993643822958,0.16865466108994664
2022-01-31,0.0,0.018886018254227865,0.018886018254227865,0.1907258943521799
2022-02-01,0.0,0.006862951356977565,0.006862951356977565,0.19889778824461257
2022-02-02,0.0,0.009409353046492486,0.009409353046492486,0.210178640800865
2022-02-03,0.0,-0.02437833927466382,-0.02437833927466382,0.18067649531247
2022-02-04,0.0,0.00515919811320753,0.00515919811320753,0.18676783925939455
2022-02-07,0.0,-0.003703999964448701,-0.003703999964448701,0.1823720512249689
2022-02-08,0.0,0.008401224834796661,0.008401224834796661,0.19230542466568967
2022-02-09,0.0,0.014517177775713597,0.014517177775713597,0.20961433447850908
2022-02-10,0.0,-0.018120065050859058,-0.018120065050859058,0.1876960440513069
2022-02-11,0.0,-0.01896511147720059,-0.01896511147720059,0.16517125617484374
2022-02-14,0.0,-0.0038405482229827426,-0.0038405482229827426,0.16069635977747088
2022-02-15,0.0,0.015766743077059386,0.015766743077059386,0.17899676107256024
2022-02-16,0.0,0.0008812208263346832,0.0008812208263346832,0.18003571757259862
2022-02-17,0.0,-0.021173137043269175,-0.021173137043269175,0.15505065960848152
2022-02-18,0.0,-0.007166241273349194,-0.007166241273349194,0.14677328789878596
2022-02-22,0.0,-0.010147463593991102,-0.010147463593991102,0.13513644770927158
2022-02-23,0.0,-0.01840761579096528,-0.01840761579096528,0.11424129210951817
2022-02-24,0.0,0.014956809844988816,0.014956809844988816,0.13090678723703486
2022-02-25,0.0,0.02236575185953793,0.02236575185953793,0.1562003678166457
2022-02-28,0.0,-0.0024699974000027547,-0.0024699974000027547,0.15334455591425633
2022-03-01,0.0,-0.015439698750968733,-0.015439698750968733,0.13553726341487038
2022-03-02,0.0,0.018642627244987553,0.018642627244987553,0.15670666133950695
2022-03-03,0.0,-0.005254711002293466,-0.005254711002293466,0.15062850211974
2022-03-04,0.0,-0.00793401612012401,-0.00793401612012401,0.14149939703564773
2022-03-07,0.0,-0.02951809594651711,-0.02951809594651711,0.10780450831105814
2022-03-08,0.0,-0.007252879609815577,-0.007252879609815577,0.09976973558106716
2022-03-09,0.0,0.02571799876277403,0.02571799876277403,0.12805361228007728
2022-03-10,0.0,-0.0042918454935622075,-0.0042918454935622075,0.12321218046771643
2022-03-11,0.0,-0.012961554353542182,-0.012961554353542182,0.1086536047400235
2022-03-14,0.0,-0.00742095611408311,-0.00742095611408311,0.10042633499352771
2022-03-15,0.0,0.021408493905025416,0.021408493905025416,0.12398480547916613
2022-03-16,0.0,0.022404954896831697,0.022404954896831697,0.14916763435065095
2022-03-17,0.0,0.01232689682075283,0.01232689682075283,0.16333330520904
2022-03-18,0.0,0.01165545020366432,0.01165545020366432,0.17689247861816826
2022-03-21,0.0,-0.0004279546233663112,-0.0004279546233663112,0.17638882204073858
2022-03-22,0.0,0.011304184094790948,0.011304184094790948,0.1896869378521413
2022-03-23,0.0,-0.012274997173957858,-0.012274997173957858,0.17508353405211174
2022-03-24,0.0,0.014346207444409398,0.014346207444409398,0.19194152619613303
2022-03-25,0.0,0.005061767725036415,0.005061767725036415,0.19797485734356335
2022-03-28,0.0,0.00714939776009027,0.00714939776009027,0.2065396561052999
2022-03-29,-1.0,0.012256530405287291,0.0,0.2065396561052999
2022-03-30,0.0,-0.006293721392175655,-0.0,0.2065396561052999
2022-03-31,0.0,-0.015652532890091164,-0.0,0.2065396561052999
2022-04-01,0.0,0.0034102873691344016,0.0,0.2065396561052999
2022-04-04,0.0,0.0080908782936564,0.0,0.2065396561052999
2022-04-05,0.0,-0.012551716914267819,-0.0,0.2065396561052999
2022-04-06,0.0,-0.009716869386889204,-0.0,0.2065396561052999
2022-04-07,0.0,0.004253372460194527,0.0,0.2065396561052999
2022-04-08,0.0,-0.0026509873983658894,-0.0,0.2065396561052999
2022-04-11,0.0,-0.01687728929567678,-0.0,0.2065396561052999
2022-04-12,0.0,-0.003417540503973915,-0.0,0.2065396561052999
2022-04-13,0.0,0.011174658040455254,0.0,0.2065396561052999
2022-04-14,0.0,-0.012144137417661627,-0.0,0.2065396561052999
2022-04-18,0.0,-0.000204890508788802,-0.0,0.2065396561052999
2022-04-19,0.0,0.016057599693967584,0.0,0.2065396561052999
2022-04-20,0.0,-0.0006185275905885579,-0.0,0.2065396561052999
2022-04-21,0.0,-0.01475294038502506,-0.0,0.2065396561052999
2022-04-22,0.0,-0.02773997077607282,-0.0,0.2065396561052999
2022-04-25,0.0,0.005697858972138148,0.0,0.2065396561052999
2022-04-26,1.0,-0.02814632738377887,-0.02814632738377887,0.17257999594304807
2022-04-27,0.0,0.002098103084882119,0.002098103084882119,0.17504018964980728
2022-04-28,0.0,0.02474689050564538,0.02474689050564538,0.20411878056280375
2022-04-29,0.0,-0.03628454810495618,-0.03628454810495618,0.16042787474539155
2022-05-02,0.0,0.005675313957399952,0.005675313957399952,0.16701366725948996
2022-05-03,0.0,0.004837102743912469,0.004837102743912469,0.1726586322715742
2022-05-04,0.0,0.0298624349775356,0.0298624349775356,0.20767707442862982
2022-05-05,0.0,-0.03436840869081914,-0.03436840869081914,0.16617113516813387
2022-05-06,0.0,-0.006993579585683363,-0.006993579585683363,0.1580154245238088
2022-05-09,0.0,-0.032037134944001844,-0.032037134944001844,0.12091592810110385
2022-05-10,0.0,0.00245788276325154,0.00245788276325154,0.12367100803983755
2022-05-11,0.0,-0.016463178415666024,-0.016463178415666024,0.1051718117539664
